ride_id,fare,distance_km,passenger_id,driver_id,vehicle_id,pickup_city_id,drop_city_id,pickup_time_id,dropoff_time_id
1,74.01,22.5,97,2,47,1,2,20240616,20240616
2,84.39,8.0,74,4,30,6,6,20241128,20241128
3,88.53,19.7,31,3,49,10,6,20241111,20241111
4,70.99,4.4,138,47,21,8,2,20241030,20241030
5,74.3,22.4,128,40,26,10,10,20241111,20241111
6,52.84,21.7,54,21,5,2,1,20240817,20240817
7,13.75,3.4,187,35,35,9,6,20250404,20250404
8,75.83,23.3,172,48,36,4,5,20240623,20240623
9,5.08,7.7,105,69,41,3,10,20240721,20240721
10,21.63,19.2,136,8,36,3,9,20250405,20250405
11,85.72,2.6,187,64,38,9,1,20250201,20250201
12,10.08,6.0,145,68,7,10,2,20241023,20241023
13,19.25,5.5,192,3,49,10,2,20241029,20241029
14,70.85,3.5,48,1,50,7,7,20241023,20241023
15,69.0,18.4,12,33,39,3,3,20250328,20250328
16,12.71,2.8,13,12,4,10,4,20250116,20250116
17,6.38,8.7,27,17,27,8,4,20241009,20241009
18,46.35,7.5,15,15,26,7,5,20241208,20241208
19,36.43,13.8,190,68,7,1,8,20241106,20241106
20,16.14,16.6,184,4,30,7,2,20241026,20241026
21,8.35,21.2,158,69,41,4,5,20240801,20240801
22,61.81,6.3,42,26,45,7,3,20250124,20250124
23,32.2,9.7,48,44,21,3,10,20240611,20240611
24,22.47,19.3,108,58,46,10,1,20240728,20240728
25,26.71,19.9,144,29,35,1,8,20241229,20241229
26,49.56,24.8,5,29,35,8,4,20250107,20250107
27,92.5,22.5,81,57,26,6,9,20241127,20241127
28,70.71,8.2,110,67,3,2,8,20240607,20240607
29,16.55,19.8,146,19,27,2,6,20241102,20241102
30,29.51,5.8,113,67,3,10,8,20240510,20240510
31,89.68,22.6,12,55,14,1,1,20250219,20250219
32,73.0,14.4,31,64,38,10,2,20250301,20250301
33,70.38,6.4,162,62,15,4,3,20241013,20241013
34,66.92,22.0,35,59,5,5,2,20250316,20250316
35,25.87,24.2,131,41,44,3,5,20240610,20240610
36,95.24,20.7,22,62,15,1,10,20250224,20250224
37,88.34,2.2,169,49,7,1,5,20240423,20240423
38,43.44,20.3,21,46,40,1,3,20240831,20240831
39,87.05,6.1,63,49,7,2,10,20240628,20240628
40,97.23,23.6,71,36,12,2,9,20250103,20250103
41,58.56,5.1,66,25,16,6,2,20240915,20240915
42,87.93,7.1,54,15,26,7,7,20250413,20250413
43,19.39,8.1,51,46,40,7,5,20240925,20240925
44,56.61,23.9,102,53,24,7,9,20250302,20250302
45,41.34,5.9,70,67,3,8,6,20250310,20250310
46,12.42,10.5,49,3,49,2,8,20240504,20240504
47,74.31,22.1,99,64,38,6,9,20240906,20240906
48,43.93,12.9,34,70,39,7,3,20240704,20240704
49,50.33,15.8,44,8,36,8,7,20240728,20240728
50,95.64,23.7,138,27,43,6,2,20241007,20241007
51,13.56,18.4,23,31,50,8,1,20240427,20240427
52,78.52,7.7,137,9,28,1,9,20240614,20240614
53,72.91,3.9,59,17,27,7,2,20250328,20250328
54,13.55,9.7,3,70,39,9,9,20241206,20241206
55,90.52,4.9,77,18,39,3,6,20240519,20240519
56,44.42,10.8,20,3,49,9,6,20241122,20241122
57,49.15,7.2,51,44,21,3,8,20250110,20250110
58,85.59,16.3,115,70,39,9,4,20250318,20250318
59,91.62,12.4,191,48,36,6,3,20240628,20240628
60,22.01,23.9,188,10,43,2,4,20240823,20240823
61,9.28,9.0,162,45,22,8,2,20250222,20250222
62,54.47,2.7,30,27,43,3,3,20250131,20250131
63,80.26,22.6,27,17,27,7,7,20250119,20250119
64,86.56,21.5,48,34,27,1,5,20250114,20250114
65,52.87,19.0,50,16,46,10,5,20250228,20250228
66,99.84,6.6,149,9,28,2,10,20250105,20250105
67,28.54,14.3,44,53,24,7,3,20250127,20250127
68,47.17,14.1,154,6,37,8,10,20241020,20241021
69,23.04,5.2,19,8,36,2,5,20241204,20241204
70,98.53,10.5,6,50,5,1,2,20240516,20240516
71,53.51,5.7,182,24,4,4,2,20240723,20240723
72,72.86,3.9,33,7,18,4,6,20240607,20240607
73,57.46,8.7,176,23,48,4,4,20241222,20241222
74,82.7,15.4,176,5,18,7,4,20250209,20250209
75,77.7,14.4,192,55,14,8,9,20250410,20250410
76,35.89,22.3,44,25,16,1,10,20241019,20241019
77,75.84,23.5,126,34,27,7,1,20241016,20241016
78,89.94,21.2,3,26,45,2,4,20241210,20241210
79,28.43,9.3,86,17,27,7,8,20241104,20241104
80,80.7,17.7,18,61,14,1,8,20250306,20250306
81,99.63,6.8,141,8,36,8,6,20240517,20240517
82,61.42,14.1,131,54,4,9,7,20241002,20241002
83,74.59,8.3,102,32,14,9,5,20240926,20240926
84,9.98,18.3,194,49,7,9,6,20241208,20241208
85,58.83,21.4,22,48,36,8,8,20250128,20250128
86,45.03,17.6,72,12,4,4,9,20250217,20250217
87,26.24,6.9,89,69,41,7,9,20240820,20240820
88,49.55,5.9,61,16,46,7,3,20241026,20241026
89,7.95,17.3,77,61,14,5,2,20240601,20240601
90,50.85,22.7,8,69,41,5,6,20241128,20241128
91,69.05,2.5,174,2,47,6,9,20240830,20240830
92,6.06,22.2,9,64,38,10,1,20241015,20241015
93,26.17,17.2,125,67,3,2,5,20240802,20240802
94,13.42,21.2,14,56,5,10,5,20240416,20240416
95,14.01,13.1,131,58,46,8,1,20240514,20240514
96,17.73,7.5,176,27,43,8,4,20240715,20240715
97,51.67,22.9,176,15,26,2,2,20240517,20240517
98,20.91,12.1,137,43,50,1,1,20241230,20241230
99,15.1,3.0,10,39,37,2,3,20240419,20240419
100,88.82,22.7,55,39,37,3,8,20250114,20250114
101,25.88,10.9,92,26,45,9,8,20250221,20250221
102,53.71,22.9,74,1,50,4,10,20240507,20240507
103,88.7,24.4,136,15,26,3,1,20240702,20240702
104,79.55,8.3,14,36,12,2,8,20240517,20240517
105,56.33,9.8,106,1,50,8,8,20240522,20240522
106,29.22,6.9,167,41,44,3,9,20250221,20250221
107,30.16,20.0,36,29,35,10,10,20250110,20250110
108,30.2,24.4,99,64,38,8,2,20250125,20250125
109,50.73,10.9,62,33,39,10,6,20241210,20241210
110,18.52,8.4,43,39,37,6,7,20240805,20240805
111,32.42,22.2,63,44,21,10,8,20241105,20241105
112,80.4,16.3,160,54,4,5,8,20250221,20250221
113,72.5,24.2,181,19,27,2,6,20250113,20250113
114,83.51,22.2,55,1,50,10,9,20250227,20250227
115,60.06,10.5,140,11,33,2,1,20241020,20241020
116,11.69,10.1,150,53,24,4,2,20250110,20250110
117,78.44,14.5,111,52,18,1,1,20241006,20241006
118,73.31,19.4,168,50,5,2,9,20241025,20241025
119,68.85,19.8,197,51,3,1,7,20250323,20250323
120,71.05,2.8,53,17,27,2,8,20240623,20240623
121,85.7,7.6,114,56,5,10,4,20241126,20241126
122,65.81,15.6,179,35,35,3,7,20240630,20240630
123,35.72,13.2,97,56,5,2,5,20250204,20250204
124,33.97,14.3,51,13,15,4,3,20250221,20250221
125,24.48,2.4,119,10,43,5,10,20250114,20250114
126,62.35,13.5,27,17,27,6,3,20240809,20240809
127,30.2,5.3,12,35,35,6,10,20250215,20250215
128,85.23,5.9,28,34,27,7,10,20240511,20240511
129,67.97,24.1,68,33,39,5,3,20240626,20240626
130,51.82,6.1,55,57,26,3,2,20240626,20240626
131,50.37,4.6,129,12,4,9,8,20250101,20250101
132,38.79,21.6,123,25,16,9,4,20250106,20250106
133,54.49,3.7,107,5,18,1,10,20240606,20240606
134,32.3,23.3,41,21,5,2,10,20240918,20240918
135,80.75,24.4,11,49,7,3,2,20240421,20240421
136,23.84,2.6,133,61,14,7,7,20240702,20240702
137,16.46,22.1,54,22,20,9,1,20250207,20250207
138,13.76,7.8,62,27,43,9,8,20241027,20241027
139,8.02,23.0,54,2,47,2,10,20241017,20241017
140,84.55,5.5,127,8,36,4,2,20250131,20250131
141,39.41,18.4,10,20,32,3,4,20241022,20241022
142,9.78,19.1,173,35,35,10,5,20241213,20241213
143,16.31,18.3,61,15,26,2,1,20250228,20250228
144,63.15,13.6,3,27,43,10,7,20241021,20241021
145,26.22,7.9,173,21,5,10,8,20240820,20240820
146,33.81,4.9,170,59,5,10,5,20240803,20240803
147,26.63,12.5,88,5,18,4,2,20240423,20240423
148,80.7,22.7,145,48,36,10,4,20250104,20250104
149,92.68,8.1,113,22,20,9,7,20240422,20240422
150,48.72,13.4,199,10,43,2,1,20250109,20250109
151,14.62,7.5,43,49,7,3,9,20240531,20240531
152,52.76,17.5,95,60,31,8,1,20240904,20240904
153,22.77,16.2,198,69,41,1,3,20241221,20241221
154,97.79,12.3,178,54,4,3,9,20240525,20240525
155,6.37,23.3,124,35,35,2,8,20241214,20241214
156,32.73,22.8,137,66,48,6,1,20241214,20241214
157,50.24,23.9,68,20,32,2,10,20240806,20240806
158,60.61,24.1,124,7,18,7,8,20240530,20240530
159,62.04,23.6,112,1,50,5,1,20241014,20241014
160,63.15,13.6,41,60,31,4,9,20240420,20240420
161,58.74,22.3,87,9,28,7,5,20240919,20240919
162,67.86,13.0,148,50,5,4,1,20240902,20240902
163,58.02,2.4,37,11,33,2,7,20250222,20250222
164,96.21,9.9,98,26,45,2,10,20240601,20240601
165,33.65,9.0,187,25,16,2,1,20250205,20250205
166,45.75,19.4,17,69,41,6,3,20240515,20240515
167,62.82,3.7,31,49,7,3,6,20241109,20241109
168,13.75,9.5,146,55,14,10,3,20241101,20241101
169,64.6,4.8,67,48,36,7,8,20240516,20240516
170,41.33,15.3,157,55,14,10,1,20240912,20240912
171,24.01,2.8,67,38,42,10,10,20241123,20241123
172,87.92,14.1,55,28,31,1,2,20240914,20240914
173,43.15,16.3,42,61,14,8,7,20240706,20240706
174,51.54,7.4,150,14,37,9,6,20241021,20241021
175,45.97,20.8,181,36,12,2,1,20250214,20250214
176,31.8,22.1,112,62,15,9,9,20240708,20240708
177,7.26,6.7,60,20,32,2,8,20250302,20250302
178,23.61,20.5,98,70,39,4,7,20240423,20240423
179,90.17,23.2,102,34,27,4,5,20250326,20250326
180,38.82,10.1,123,66,48,5,3,20250131,20250131
181,16.3,15.2,65,16,46,10,1,20240912,20240912
182,28.02,20.4,101,60,31,5,2,20241106,20241106
183,12.15,19.7,84,23,48,1,7,20240729,20240729
184,24.21,13.2,26,20,32,6,3,20240906,20240906
185,12.36,20.3,173,11,33,9,2,20250402,20250402
186,27.44,5.9,84,60,31,1,6,20250221,20250221
187,96.46,20.1,122,41,44,7,6,20240417,20240417
188,47.78,15.6,193,58,46,6,5,20240620,20240620
189,34.04,5.0,171,43,50,7,10,20240723,20240723
190,58.12,21.3,176,70,39,2,8,20240629,20240629
191,47.64,11.6,196,50,5,5,9,20250205,20250205
192,15.0,19.9,58,34,27,1,6,20250101,20250101
193,57.51,7.2,60,17,27,6,9,20240724,20240724
194,54.27,11.4,46,20,32,8,9,20240808,20240808
195,16.0,2.9,50,8,36,7,7,20250402,20250402
196,54.23,4.9,91,15,26,10,6,20241229,20241229
197,34.11,23.7,114,21,5,9,8,20241208,20241208
198,73.99,4.0,161,9,28,4,6,20250114,20250114
199,92.58,4.8,189,60,31,2,3,20241205,20241205
200,47.86,14.9,36,35,35,1,5,20240622,20240622
201,45.5,3.6,89,17,27,2,1,20240729,20240729
202,85.99,15.6,2,59,5,9,9,20240916,20240916
203,35.22,7.6,174,28,31,1,3,20250216,20250216
204,48.99,13.1,24,17,27,6,10,20241108,20241108
205,60.58,21.8,58,31,50,5,6,20250327,20250327
206,86.51,25.0,167,68,7,4,8,20250112,20250112
207,62.31,12.6,47,42,39,9,6,20250327,20250327
208,30.52,2.9,67,17,27,2,2,20241028,20241028
209,33.69,7.5,147,36,12,1,6,20240927,20240927
210,51.2,7.8,68,59,5,9,10,20250322,20250322
211,78.19,14.9,78,7,18,2,3,20240806,20240806
212,45.33,13.7,73,9,28,5,1,20250129,20250129
213,56.32,14.9,194,70,39,5,4,20240702,20240702
214,58.97,6.8,4,35,35,7,8,20250309,20250309
215,26.28,11.6,142,70,39,6,8,20240516,20240516
216,28.57,13.0,68,43,50,4,1,20240812,20240812
217,56.51,9.3,46,9,28,2,5,20241001,20241001
218,79.39,19.8,109,57,26,7,2,20250303,20250303
219,31.33,12.0,138,69,41,5,8,20240724,20240724
220,90.25,4.2,58,51,3,9,1,20241025,20241025
221,14.44,23.5,191,53,24,2,2,20240426,20240426
222,74.33,15.2,164,10,43,5,1,20240803,20240803
223,87.38,8.8,62,23,48,6,4,20240708,20240708
224,35.12,5.1,142,14,37,1,6,20250225,20250225
225,26.25,19.8,66,34,27,9,10,20240920,20240920
226,65.78,4.8,22,31,50,8,3,20250122,20250122
227,29.53,4.7,89,65,47,9,3,20250412,20250412
228,45.54,24.6,5,12,4,5,5,20250210,20250210
229,98.01,5.5,180,40,26,4,2,20250226,20250226
230,49.27,6.6,173,59,5,10,9,20250311,20250311
231,42.71,2.3,100,50,5,4,5,20250317,20250317
232,44.98,24.3,145,40,26,8,10,20240513,20240513
233,59.67,13.5,37,21,5,3,7,20240713,20240713
234,48.32,5.1,160,58,46,2,8,20250207,20250207
235,44.39,11.5,160,46,40,1,7,20250209,20250209
236,29.28,21.8,91,2,47,1,2,20250305,20250305
237,67.26,18.9,146,11,33,1,3,20250313,20250313
238,54.62,19.9,7,59,5,7,3,20240626,20240626
239,81.01,18.9,66,15,26,7,1,20250112,20250112
240,7.02,15.2,133,49,7,7,8,20240514,20240514
241,95.91,22.0,182,18,39,10,7,20250226,20250226
242,83.96,2.5,69,15,26,8,3,20240518,20240518
243,28.22,5.7,72,41,44,5,2,20240824,20240824
244,92.17,10.7,62,31,50,8,5,20240828,20240828
245,45.86,6.9,136,62,15,1,10,20241121,20241121
246,77.07,23.4,117,38,42,7,1,20240604,20240604
247,11.37,9.3,123,63,11,8,6,20240813,20240813
248,74.74,12.4,28,43,50,10,8,20240509,20240510
249,50.07,15.7,66,70,39,10,1,20241217,20241217
250,55.08,18.3,186,36,12,8,2,20240626,20240626
251,62.13,9.8,23,32,14,1,10,20240813,20240813
252,32.68,24.8,63,15,26,2,5,20240517,20240517
253,79.34,15.8,122,23,48,6,7,20241021,20241021
254,15.05,17.5,152,52,18,1,8,20241110,20241110
255,38.99,20.9,6,68,7,4,8,20240822,20240822
256,92.45,8.0,200,52,18,1,9,20240804,20240804
257,45.1,7.3,190,54,4,6,2,20240522,20240522
258,91.69,21.4,132,42,39,8,4,20250124,20250124
259,35.15,23.0,81,55,14,10,2,20240909,20240909
260,84.44,18.6,183,11,33,2,8,20241206,20241206
261,45.76,19.1,168,43,50,5,3,20250101,20250101
262,56.13,11.2,130,42,39,1,5,20250110,20250110
263,5.57,3.5,182,44,21,2,2,20241216,20241216
264,69.03,8.8,154,25,16,10,5,20240826,20240826
265,13.8,15.2,161,65,47,10,8,20241031,20241031
266,81.33,19.9,200,67,3,7,1,20241222,20241222
267,18.6,19.4,200,66,48,10,7,20241127,20241127
268,50.58,17.0,166,21,5,6,7,20240720,20240720
269,63.31,9.1,8,63,11,4,1,20240524,20240524
270,7.72,5.1,126,49,7,7,6,20250305,20250305
271,7.12,23.0,60,1,50,8,2,20240926,20240926
272,71.41,19.7,128,65,47,9,1,20241217,20241217
273,44.08,7.3,88,24,4,7,8,20240928,20240928
274,87.63,2.5,23,66,48,7,4,20250205,20250205
275,75.35,17.2,124,30,25,9,3,20241028,20241028
276,59.63,22.5,24,36,12,8,3,20241222,20241222
277,30.88,17.1,60,70,39,7,1,20250324,20250324
278,73.76,10.1,15,57,26,2,1,20250414,20250414
279,66.03,17.6,66,6,37,5,4,20240714,20240714
280,54.32,11.9,101,19,27,5,7,20240513,20240513
281,33.36,17.2,74,36,12,7,7,20241228,20241228
282,77.08,14.2,185,65,47,9,8,20241017,20241017
283,94.72,20.2,30,69,41,7,5,20250106,20250106
284,86.84,24.4,22,5,18,2,7,20241215,20241215
285,58.83,5.9,120,33,39,9,8,20250409,20250409
286,97.14,15.7,8,63,11,10,5,20250401,20250401
287,51.92,8.3,23,45,22,2,4,20250331,20250331
288,22.35,6.8,133,57,26,2,8,20240706,20240706
289,31.54,3.0,18,11,33,3,1,20240427,20240427
290,39.71,6.6,145,53,24,3,3,20250316,20250316
291,30.75,10.5,72,16,46,3,2,20250111,20250112
292,46.15,16.1,111,13,15,3,2,20240526,20240526
293,93.25,4.5,137,60,31,6,5,20240530,20240530
294,37.84,9.7,124,53,24,9,7,20250115,20250115
295,8.21,12.8,124,16,46,2,9,20240509,20240509
296,51.28,2.1,195,20,32,7,7,20240724,20240724
297,40.41,18.6,24,10,43,6,1,20241015,20241015
298,55.95,23.6,157,53,24,9,5,20240629,20240629
299,33.01,15.5,120,1,50,2,7,20240505,20240505
300,32.34,17.2,66,2,47,2,3,20240803,20240803
301,17.39,21.4,152,57,26,10,4,20240526,20240526
302,49.35,8.7,170,43,50,5,2,20240630,20240630
303,7.67,16.7,141,20,32,5,10,20250212,20250212
304,80.9,15.9,198,9,28,1,3,20241208,20241208
305,49.51,21.6,129,58,46,6,8,20241009,20241009
306,89.59,3.2,42,64,38,4,6,20250128,20250128
307,26.47,2.9,103,44,21,6,7,20250127,20250128
308,68.96,4.5,166,10,43,4,5,20240805,20240805
309,89.41,17.7,99,67,3,10,3,20241130,20241130
310,47.13,21.9,112,7,18,7,6,20240802,20240802
311,42.96,11.6,178,48,36,4,3,20250205,20250205
312,20.71,5.2,191,54,4,9,1,20240608,20240608
313,72.52,24.8,84,40,26,10,3,20240914,20240914
314,57.24,13.2,113,6,37,3,6,20250211,20250211
315,81.42,14.4,15,70,39,10,9,20241009,20241009
316,99.95,20.0,176,19,27,10,5,20250302,20250302
317,23.79,17.3,153,54,4,7,8,20241101,20241101
318,94.55,7.8,36,54,4,7,7,20240424,20240424
319,64.06,23.7,171,52,18,3,10,20250319,20250319
320,14.07,16.2,192,48,36,2,6,20250126,20250126
321,61.67,23.1,195,19,27,8,2,20241029,20241029
322,38.41,8.7,24,7,18,5,7,20241122,20241122
323,7.39,11.8,43,12,4,7,10,20240711,20240711
324,20.83,5.2,43,23,48,2,3,20240615,20240615
325,8.84,20.8,133,34,27,4,4,20240514,20240514
326,12.47,24.6,122,46,40,6,8,20240603,20240603
327,43.96,19.0,77,18,39,4,9,20241201,20241201
328,79.04,10.8,167,49,7,2,1,20240724,20240724
329,35.47,19.6,98,57,26,6,3,20240521,20240521
330,27.94,23.0,164,19,27,6,5,20250202,20250202
331,96.04,16.1,57,10,43,8,5,20241026,20241026
332,36.91,21.3,141,5,18,8,3,20240831,20240831
333,8.3,20.2,195,64,38,4,9,20240706,20240706
334,61.72,21.9,156,15,26,6,6,20240609,20240609
335,68.18,8.1,124,15,26,3,7,20241227,20241227
336,75.29,22.3,92,5,18,2,1,20240604,20240604
337,58.0,13.2,69,14,37,3,2,20241017,20241017
338,81.92,9.1,161,41,44,9,5,20241103,20241103
339,83.52,20.2,175,18,39,3,5,20240920,20240920
340,9.99,9.5,131,14,37,1,3,20240804,20240804
341,61.77,13.8,40,29,35,8,5,20250227,20250227
342,83.35,2.9,164,20,32,8,9,20240610,20240610
343,38.5,6.6,173,50,5,3,1,20240521,20240521
344,60.61,5.2,48,62,15,7,9,20240924,20240924
345,74.78,9.3,18,65,47,5,10,20240917,20240917
346,25.51,18.7,129,33,39,7,1,20241223,20241223
347,23.12,12.0,139,38,42,9,3,20240627,20240627
348,70.29,17.0,155,24,4,4,6,20250212,20250212
349,88.93,21.4,80,28,31,2,10,20240418,20240418
350,30.56,11.6,54,47,21,1,3,20240529,20240529
351,63.6,20.3,113,57,26,7,2,20240605,20240605
352,45.87,8.6,91,10,43,6,7,20241010,20241010
353,34.19,11.6,186,43,50,3,9,20250123,20250123
354,16.03,8.8,109,20,32,10,4,20240417,20240417
355,95.89,22.0,46,70,39,1,3,20241128,20241128
356,24.19,12.9,186,24,4,2,9,20240921,20240921
357,65.24,8.2,108,14,37,3,5,20240930,20240930
358,63.49,6.8,131,31,50,7,2,20241122,20241122
359,48.13,18.4,197,14,37,1,1,20240816,20240816
360,23.37,15.3,42,36,12,2,5,20250305,20250305
361,31.23,17.2,64,31,50,6,5,20250202,20250202
362,12.29,8.8,41,4,30,4,4,20250402,20250402
363,34.45,10.8,33,9,28,2,1,20250207,20250207
364,96.72,17.2,143,36,12,2,2,20240707,20240707
365,15.04,14.0,158,50,5,2,7,20240818,20240818
366,80.52,12.9,13,55,14,3,8,20250109,20250109
367,40.36,2.1,195,63,11,1,10,20240627,20240627
368,57.08,4.8,2,34,27,8,8,20240812,20240812
369,68.1,5.3,25,50,5,1,3,20250303,20250303
370,56.07,12.3,72,1,50,1,9,20240909,20240909
371,68.77,21.7,43,57,26,7,7,20240611,20240611
372,83.2,15.7,171,62,15,4,6,20241018,20241018
373,92.54,12.8,49,36,12,9,3,20240814,20240814
374,96.5,7.8,135,41,44,2,9,20241030,20241030
375,25.34,24.0,49,32,14,6,7,20240910,20240910
376,87.22,11.7,151,21,5,2,3,20240820,20240820
377,17.66,13.2,115,60,31,10,2,20240902,20240902
378,53.59,5.7,44,55,14,10,3,20250401,20250401
379,46.34,7.9,12,53,24,5,6,20240710,20240710
380,5.66,7.6,145,62,15,8,3,20240623,20240623
381,99.59,8.5,23,27,43,3,8,20240704,20240704
382,35.51,9.4,165,23,48,3,8,20241226,20241226
383,18.14,6.2,195,31,50,3,2,20240916,20240916
384,72.82,5.7,34,50,5,9,1,20250227,20250227
385,30.06,20.4,114,25,16,2,8,20250120,20250120
386,47.98,8.6,130,69,41,5,5,20240831,20240831
387,30.32,19.8,44,20,32,3,6,20240721,20240721
388,30.62,14.3,165,20,32,2,3,20241007,20241007
389,67.6,14.8,118,2,47,4,10,20240716,20240716
390,66.74,6.1,146,44,21,8,7,20250228,20250301
391,9.78,5.2,169,42,39,10,8,20241108,20241108
392,62.06,23.1,69,70,39,3,8,20241004,20241004
393,41.36,18.0,183,59,5,6,5,20241016,20241016
394,17.49,19.6,39,66,48,6,7,20241113,20241113
395,75.18,16.7,150,6,37,6,4,20240610,20240610
396,30.92,17.7,119,40,26,4,5,20250115,20250115
397,89.93,7.8,143,59,5,8,8,20240726,20240726
398,14.27,11.3,82,26,45,9,9,20250401,20250401
399,68.9,19.2,11,57,26,5,4,20241210,20241210
400,55.24,18.7,39,47,21,10,2,20240817,20240817
401,21.53,23.5,164,19,27,2,5,20241103,20241103
402,71.31,5.1,59,36,12,10,9,20240822,20240823
403,93.44,4.2,161,26,45,5,6,20241026,20241026
404,68.49,18.6,84,5,18,3,5,20240802,20240802
405,28.57,15.4,100,35,35,3,10,20250409,20250409
406,48.01,14.7,113,2,47,7,2,20240601,20240601
407,28.79,11.4,6,1,50,4,1,20240619,20240619
408,50.0,9.3,27,37,43,1,8,20240817,20240817
409,39.44,3.1,197,13,15,8,9,20240828,20240828
410,41.08,16.4,1,47,21,7,1,20241228,20241228
411,5.05,10.9,169,69,41,8,3,20240929,20240929
412,21.59,18.8,85,6,37,9,10,20240817,20240817
413,78.27,18.8,164,32,14,4,1,20241104,20241104
414,65.42,19.1,25,24,4,10,3,20250112,20250112
415,94.09,6.9,100,16,46,2,10,20250416,20250416
416,73.35,22.8,166,28,31,5,4,20240626,20240626
417,62.01,3.8,19,53,24,8,9,20240424,20240424
418,17.2,12.4,151,50,5,8,5,20240723,20240724
419,19.94,11.2,64,29,35,4,3,20240805,20240805
420,56.78,7.4,99,11,33,3,4,20241212,20241212
421,11.28,14.6,147,46,40,2,1,20240819,20240819
422,69.2,21.0,54,44,21,1,9,20241112,20241112
423,15.53,8.3,37,14,37,6,5,20240506,20240506
424,98.5,23.1,171,15,26,8,5,20250213,20250213
425,90.97,16.5,140,26,45,1,7,20241211,20241211
426,33.82,4.4,200,22,20,2,6,20241126,20241126
427,54.53,21.4,94,65,47,4,10,20240910,20240910
428,13.27,6.6,190,4,30,6,7,20240625,20240626
429,51.75,23.7,115,30,25,7,7,20250109,20250109
430,61.81,17.6,52,58,46,8,3,20240820,20240820
431,33.58,9.4,158,35,35,10,3,20240730,20240730
432,82.95,13.3,121,39,37,3,5,20241214,20241214
433,33.62,19.3,178,55,14,9,3,20250302,20250302
434,90.84,6.5,129,24,4,10,6,20241001,20241001
435,14.45,6.8,169,70,39,3,10,20240917,20240917
436,12.79,6.7,186,66,48,8,8,20250210,20250210
437,15.74,23.0,36,2,47,6,1,20250315,20250315
438,25.23,10.5,23,31,50,1,9,20240510,20240510
439,55.98,24.6,69,59,5,10,2,20241020,20241020
440,97.89,17.2,180,70,39,4,3,20250105,20250105
441,91.98,11.8,122,55,14,9,7,20240523,20240523
442,25.43,14.5,25,3,49,4,4,20250320,20250320
443,43.37,8.0,197,31,50,2,9,20250415,20250415
444,65.53,3.5,19,61,14,1,5,20241022,20241022
445,85.6,11.4,137,21,5,1,4,20250112,20250113
446,19.98,8.6,61,1,50,4,2,20240726,20240726
447,58.31,15.9,178,47,21,9,9,20240813,20240813
448,79.11,6.8,173,45,22,5,6,20240820,20240820
449,17.49,18.1,92,25,16,3,3,20241008,20241008
450,90.18,20.1,10,51,3,8,5,20250106,20250106
451,48.24,7.8,1,9,28,10,8,20240628,20240628
452,8.27,8.7,88,41,44,4,2,20240929,20240929
453,38.35,18.4,63,34,27,4,5,20250119,20250119
454,54.11,4.7,132,46,40,2,8,20240611,20240611
455,46.88,10.8,67,53,24,10,3,20250319,20250319
456,53.66,13.6,104,41,44,5,8,20250209,20250209
457,96.17,3.6,54,69,41,1,5,20241206,20241206
458,74.02,12.2,93,46,40,3,9,20240730,20240730
459,87.28,5.6,68,43,50,4,2,20241221,20241221
460,44.67,8.2,70,12,4,5,4,20240518,20240518
461,66.97,6.5,51,4,30,2,5,20241205,20241205
462,32.61,2.7,74,66,48,6,5,20241009,20241009
463,40.73,9.3,128,33,39,2,5,20240920,20240920
464,14.72,6.7,30,4,30,5,5,20250115,20250115
465,22.65,4.1,99,44,21,10,9,20250312,20250312
466,92.59,8.1,67,64,38,10,5,20250220,20250220
467,37.62,5.0,17,63,11,10,8,20240714,20240714
468,49.66,8.8,152,49,7,7,2,20240703,20240703
469,71.05,24.8,50,24,4,6,8,20250322,20250322
470,13.41,11.4,9,39,37,2,5,20240706,20240706
471,62.0,20.3,165,62,15,5,8,20240527,20240527
472,93.27,9.7,167,23,48,10,5,20241023,20241023
473,73.87,22.7,173,6,37,8,5,20240815,20240815
474,23.01,2.5,130,25,16,4,1,20241018,20241018
475,65.69,10.8,162,35,35,6,10,20240724,20240724
476,53.04,17.4,173,15,26,10,8,20240502,20240502
477,74.72,16.6,72,9,28,2,9,20240618,20240618
478,86.09,19.4,137,40,26,5,1,20250125,20250125
479,84.37,8.5,57,43,50,3,10,20250309,20250309
480,81.11,10.2,18,30,25,1,4,20240523,20240523
481,30.14,9.4,170,28,31,9,6,20241224,20241224
482,15.42,20.8,148,21,5,6,10,20240626,20240626
483,48.22,20.6,136,29,35,9,9,20240910,20240910
484,77.07,12.2,110,2,47,4,5,20240423,20240423
485,7.12,18.8,132,30,25,9,4,20250323,20250323
486,77.02,6.6,152,68,7,8,9,20241120,20241120
487,89.75,4.7,35,4,30,8,8,20240825,20240825
488,65.27,22.5,192,33,39,7,4,20241127,20241127
489,75.31,9.2,77,29,35,5,10,20241106,20241106
490,54.11,8.4,1,1,50,8,8,20240630,20240630
491,16.59,4.0,174,38,42,1,4,20240509,20240509
492,15.79,9.7,81,40,26,4,8,20250306,20250306
493,41.31,24.1,63,34,27,9,6,20240830,20240830
494,53.95,14.3,189,63,11,3,3,20250326,20250326
495,29.08,19.9,41,13,15,7,5,20240720,20240720
496,85.84,7.4,118,65,47,8,7,20240531,20240531
497,93.77,23.5,81,33,39,9,2,20240919,20240919
498,77.23,20.3,129,30,25,9,3,20241118,20241118
499,42.59,19.6,110,64,38,8,5,20240720,20240720
500,71.93,19.2,94,35,35,6,7,20241109,20241109
501,90.52,16.5,121,58,46,7,8,20241101,20241101
502,23.01,21.1,103,33,39,1,3,20240908,20240908
503,53.35,8.2,132,48,36,10,7,20241229,20241229
504,9.15,15.3,99,70,39,3,2,20240821,20240821
505,89.07,16.7,168,24,4,1,4,20240716,20240716
506,88.36,10.0,32,58,46,1,2,20240907,20240907
507,45.87,14.3,139,1,50,6,5,20241219,20241219
508,80.54,4.1,49,20,32,1,2,20240608,20240608
509,67.56,11.4,159,67,3,3,2,20250319,20250319
510,79.82,4.5,130,22,20,6,1,20240819,20240819
511,80.26,18.7,125,33,39,10,4,20240824,20240824
512,57.01,10.8,128,12,4,8,8,20250401,20250401
513,91.15,20.0,90,2,47,7,4,20250320,20250320
514,77.35,13.1,88,35,35,7,10,20241221,20241221
515,88.21,10.4,25,27,43,4,7,20241231,20241231
516,44.35,23.9,167,59,5,6,5,20250219,20250219
517,9.32,10.4,165,2,47,1,5,20240810,20240810
518,15.78,10.7,92,58,46,3,8,20240423,20240423
519,89.27,20.2,118,21,5,6,4,20240830,20240830
520,69.02,23.8,140,9,28,1,5,20241208,20241208
521,35.92,19.4,51,43,50,9,1,20240918,20240918
522,22.18,25.0,60,27,43,7,10,20250330,20250330
523,63.56,19.9,111,40,26,1,7,20250214,20250214
524,18.23,22.4,92,70,39,10,7,20240722,20240722
525,93.44,16.2,149,15,26,1,6,20250222,20250222
526,7.6,24.7,52,54,4,5,10,20241105,20241106
527,16.94,2.2,156,33,39,8,10,20241026,20241026
528,83.13,24.4,106,42,39,1,5,20240822,20240822
529,13.56,10.7,51,11,33,6,1,20240807,20240807
530,42.42,21.5,21,33,39,3,5,20241119,20241119
531,27.44,11.4,94,10,43,9,5,20250411,20250411
532,88.86,22.2,77,56,5,2,7,20250108,20250108
533,57.58,3.2,186,39,37,7,9,20240909,20240909
534,61.28,7.2,28,3,49,10,2,20240814,20240814
535,27.2,17.8,151,65,47,6,1,20241005,20241006
536,55.97,7.0,61,59,5,6,3,20240928,20240928
537,65.15,9.7,28,40,26,10,7,20250112,20250112
538,84.93,10.9,197,13,15,2,5,20250112,20250112
539,57.59,9.3,137,59,5,6,3,20250129,20250129
540,99.3,3.8,38,70,39,8,4,20240507,20240507
541,16.24,7.3,23,67,3,8,8,20240921,20240921
542,81.48,6.9,22,37,43,9,1,20240512,20240512
543,21.63,22.5,55,60,31,5,4,20250201,20250201
544,64.36,20.3,56,60,31,10,2,20241127,20241127
545,28.41,12.5,42,4,30,5,6,20250410,20250410
546,6.98,9.0,48,20,32,3,1,20250415,20250415
547,49.11,16.6,27,13,15,9,10,20240709,20240709
548,86.97,17.9,50,38,42,5,5,20250226,20250226
549,32.82,19.1,140,40,26,10,5,20240526,20240526
550,33.59,16.9,164,49,7,6,9,20241012,20241012
551,69.27,6.6,106,1,50,6,4,20250329,20250329
552,99.59,14.6,186,6,37,3,5,20240617,20240617
553,66.24,23.4,138,17,27,3,5,20240722,20240722
554,24.89,18.0,196,27,43,6,9,20241130,20241130
555,52.04,5.0,45,18,39,10,2,20250306,20250306
556,61.65,10.5,194,51,3,6,8,20250307,20250307
557,51.52,4.7,112,36,12,7,8,20240516,20240516
558,49.52,10.1,147,11,33,10,10,20240904,20240904
559,93.95,14.1,162,2,47,6,6,20241202,20241202
560,97.93,22.0,154,56,5,8,10,20250216,20250216
561,26.06,7.0,117,8,36,8,10,20241220,20241220
562,44.82,18.6,18,1,50,8,5,20241103,20241103
563,38.68,7.6,75,26,45,4,3,20240905,20240905
564,59.57,8.1,22,60,31,6,5,20241016,20241016
565,78.07,13.1,115,6,37,10,10,20241205,20241205
566,10.99,4.1,92,3,49,2,6,20240811,20240811
567,71.53,8.7,101,28,31,7,8,20250412,20250412
568,7.95,18.1,75,46,40,6,9,20250224,20250224
569,6.93,22.5,189,60,31,2,1,20241229,20241229
570,30.61,10.9,132,8,36,2,3,20241227,20241227
571,36.21,2.6,103,43,50,2,3,20250209,20250209
572,85.85,17.1,125,64,38,8,3,20241223,20241223
573,36.81,22.6,105,31,50,6,5,20241014,20241014
574,67.72,18.9,33,54,4,3,4,20250115,20250115
575,10.3,11.9,128,52,18,6,10,20250102,20250102
576,56.97,16.9,18,53,24,3,3,20241216,20241216
577,96.8,3.5,182,67,3,4,9,20240531,20240531
578,54.25,14.5,151,12,4,4,10,20250309,20250309
579,25.62,19.6,90,19,27,4,6,20240527,20240527
580,89.46,5.3,108,37,43,1,10,20250126,20250126
581,24.7,13.0,3,25,16,3,7,20250121,20250121
582,39.32,24.1,110,22,20,2,7,20250113,20250113
583,54.82,23.0,50,6,37,9,3,20240721,20240721
584,5.62,4.3,154,35,35,3,9,20240708,20240708
585,30.69,15.4,38,36,12,4,6,20250217,20250217
586,35.72,10.3,142,2,47,10,6,20241015,20241015
587,96.85,2.6,8,67,3,10,4,20241229,20241229
588,32.72,13.3,142,53,24,8,4,20250309,20250309
589,16.4,2.7,5,37,43,10,5,20250313,20250313
590,54.05,22.9,5,38,42,7,8,20241010,20241010
591,14.62,16.8,117,33,39,7,9,20240420,20240420
592,6.9,4.3,48,60,31,2,2,20240816,20240816
593,51.97,5.6,91,15,26,5,2,20240914,20240914
594,85.91,5.1,62,44,21,1,10,20240424,20240424
595,13.61,10.8,134,30,25,4,4,20250110,20250110
596,6.31,10.4,57,55,14,2,7,20240520,20240520
597,47.97,8.8,155,37,43,5,9,20250215,20250215
598,62.35,12.0,17,31,50,1,8,20240506,20240506
599,29.8,22.2,192,34,27,7,10,20240824,20240824
600,91.69,20.4,48,29,35,5,7,20250106,20250106
601,86.37,12.3,30,10,43,9,1,20250213,20250213
602,13.74,9.0,36,26,45,8,9,20241203,20241203
603,85.53,15.0,55,46,40,4,7,20240817,20240817
604,28.8,10.9,53,45,22,6,8,20240529,20240529
605,89.21,11.4,100,15,26,3,10,20240802,20240802
606,71.19,10.9,1,67,3,1,7,20240825,20240825
607,26.71,2.0,108,57,26,8,7,20240614,20240614
608,17.53,21.2,153,41,44,10,7,20250220,20250220
609,10.69,6.9,8,55,14,8,3,20240809,20240809
610,22.39,10.7,79,60,31,4,8,20240601,20240601
611,42.51,24.7,108,29,35,1,10,20241222,20241222
612,24.43,20.4,41,58,46,6,3,20240825,20240825
613,71.08,24.3,39,64,38,5,10,20250414,20250414
614,18.82,13.2,178,69,41,1,3,20240623,20240623
615,27.53,4.4,107,21,5,8,10,20241221,20241221
616,24.86,19.3,151,20,32,2,6,20241115,20241115
617,22.98,24.9,46,33,39,9,5,20241020,20241020
618,8.57,11.1,170,35,35,1,4,20240725,20240725
619,21.79,22.8,118,58,46,10,3,20240531,20240531
620,81.75,23.8,2,11,33,9,3,20250111,20250111
621,66.45,14.9,26,43,50,1,2,20250102,20250102
622,5.2,15.1,5,70,39,9,3,20240818,20240818
623,31.62,4.3,64,27,43,8,9,20241130,20241130
624,54.13,10.7,78,11,33,3,9,20240418,20240418
625,46.59,14.1,40,21,5,10,3,20241020,20241020
626,48.98,6.9,173,18,39,1,5,20240419,20240419
627,60.6,3.2,81,51,3,6,10,20241120,20241120
628,55.29,3.9,64,32,14,6,3,20240624,20240624
629,43.8,10.1,73,57,26,3,5,20240806,20240806
630,46.93,23.0,77,44,21,2,1,20250122,20250122
631,31.4,4.3,19,21,5,3,7,20240629,20240629
632,50.0,13.3,28,23,48,8,4,20240520,20240520
633,91.44,19.9,23,38,42,2,5,20250127,20250127
634,10.43,12.4,33,35,35,8,5,20240908,20240908
635,11.91,24.4,178,48,36,4,6,20240525,20240525
636,11.48,7.9,190,4,30,10,6,20241109,20241109
637,26.16,13.9,19,58,46,6,2,20250304,20250304
638,38.09,11.9,160,10,43,8,8,20240713,20240713
639,98.98,22.0,151,65,47,8,10,20241204,20241204
640,23.45,2.7,56,33,39,10,5,20240417,20240417
641,22.4,3.4,45,10,43,5,10,20241205,20241205
642,55.53,3.6,140,28,31,3,10,20250110,20250110
643,87.16,19.9,21,33,39,8,9,20240830,20240830
644,47.73,14.2,45,59,5,7,1,20250414,20250414
645,54.41,8.4,165,35,35,5,3,20250123,20250123
646,33.59,24.8,160,58,46,7,6,20250310,20250310
647,86.12,24.3,46,27,43,10,1,20241122,20241122
648,55.69,10.1,49,27,43,9,8,20240514,20240514
649,97.33,12.1,57,5,18,1,8,20240420,20240420
650,51.45,16.4,30,58,46,8,7,20240810,20240810
651,18.9,15.9,28,26,45,7,6,20240509,20240509
652,55.94,3.5,114,56,5,2,7,20250314,20250314
653,46.2,11.9,53,64,38,3,10,20240925,20240925
654,17.78,2.6,153,61,14,8,1,20240914,20240914
655,30.79,10.5,116,37,43,1,5,20240826,20240826
656,93.71,13.0,155,56,5,8,8,20240714,20240714
657,83.07,12.3,106,35,35,2,10,20240628,20240628
658,78.04,23.8,163,27,43,7,8,20241117,20241117
659,55.88,19.7,27,63,11,9,5,20241101,20241101
660,81.85,17.9,188,37,43,1,9,20240525,20240525
661,13.85,2.6,100,39,37,5,1,20250330,20250330
662,43.74,11.5,129,32,14,7,2,20240917,20240917
663,32.24,12.1,23,25,16,7,10,20240819,20240819
664,31.74,8.8,139,24,4,1,5,20240425,20240425
665,64.71,4.2,7,61,14,5,9,20240418,20240418
666,67.05,24.9,45,41,44,9,6,20240703,20240703
667,47.36,16.2,169,29,35,3,8,20241012,20241012
668,15.13,15.3,142,45,22,10,3,20240530,20240530
669,56.94,6.0,15,2,47,8,4,20250116,20250116
670,96.01,12.2,174,7,18,10,5,20240928,20240928
671,28.92,4.2,1,42,39,6,10,20250128,20250128
672,81.96,15.0,73,17,27,5,6,20240908,20240908
673,77.84,4.8,43,8,36,4,3,20240525,20240525
674,35.94,2.0,10,27,43,7,4,20240710,20240710
675,61.99,7.9,57,28,31,4,5,20250209,20250209
676,84.58,11.1,113,47,21,4,3,20240608,20240608
677,67.32,21.7,52,59,5,3,9,20241216,20241216
678,42.51,8.8,177,11,33,5,8,20240808,20240808
679,20.47,21.0,139,19,27,6,3,20240707,20240707
680,38.47,19.2,140,31,50,4,10,20240905,20240905
681,82.11,10.8,141,53,24,7,5,20241019,20241019
682,81.39,20.5,193,28,31,9,7,20240424,20240424
683,66.06,21.6,9,5,18,6,5,20240528,20240528
684,73.17,8.8,116,7,18,4,3,20241026,20241026
685,54.28,19.4,93,29,35,1,7,20240820,20240820
686,75.2,11.9,171,41,44,1,8,20240519,20240519
687,11.79,10.9,153,6,37,5,2,20240918,20240918
688,50.53,10.4,189,26,45,7,4,20240915,20240915
689,70.22,22.6,198,40,26,8,5,20240529,20240529
690,30.0,4.0,65,10,43,4,5,20240502,20240502
691,51.83,19.6,16,63,11,1,6,20240721,20240721
692,81.77,24.8,128,68,7,1,2,20240522,20240522
693,28.55,24.7,68,19,27,1,3,20240823,20240823
694,34.5,24.1,185,18,39,6,7,20240813,20240813
695,14.48,15.5,19,29,35,1,1,20240612,20240612
696,7.12,4.8,79,14,37,4,5,20250211,20250211
697,49.59,11.2,168,21,5,2,7,20241109,20241109
698,26.97,10.8,178,12,4,10,7,20241102,20241102
699,87.71,9.4,128,5,18,8,1,20250218,20250218
700,70.88,19.5,163,70,39,10,5,20240621,20240621
701,70.59,10.9,117,26,45,7,9,20240715,20240715
702,11.49,13.3,101,27,43,2,7,20241023,20241023
703,5.83,23.9,144,32,14,9,4,20240522,20240522
704,85.98,13.5,191,34,27,10,5,20240612,20240612
705,17.67,3.9,32,62,15,4,6,20240816,20240816
706,53.67,10.3,123,48,36,4,8,20250207,20250207
707,40.41,16.0,24,53,24,4,4,20250301,20250301
708,48.17,24.7,61,5,18,5,6,20241228,20241228
709,47.38,21.5,174,32,14,7,7,20241227,20241227
710,45.07,5.4,77,25,16,10,10,20250321,20250321
711,60.57,23.3,100,33,39,6,9,20240603,20240603
712,44.36,19.0,82,58,46,7,8,20241002,20241002
713,26.54,19.2,144,59,5,2,8,20240915,20240915
714,19.24,4.6,126,33,39,4,3,20240712,20240712
715,20.92,13.1,173,70,39,1,9,20250122,20250122
716,83.72,20.5,22,63,11,5,3,20240928,20240928
717,64.61,19.1,166,55,14,2,5,20240625,20240625
718,70.05,18.9,191,45,22,4,5,20250111,20250111
719,60.27,18.3,126,50,5,3,8,20240707,20240707
720,36.36,12.0,66,31,50,8,7,20240802,20240803
721,34.86,4.5,36,12,4,4,9,20250314,20250314
722,56.73,23.8,140,25,16,9,1,20240808,20240808
723,61.75,8.4,66,61,14,4,1,20241127,20241127
724,46.87,22.7,68,34,27,8,4,20250326,20250326
725,68.96,11.2,196,60,31,6,1,20250211,20250211
726,8.84,13.8,5,45,22,4,8,20241019,20241019
727,92.85,15.1,86,52,18,6,2,20241109,20241109
728,60.09,6.5,19,3,49,2,2,20241121,20241121
729,72.6,16.2,122,35,35,8,6,20250327,20250327
730,86.65,5.1,81,15,26,2,10,20241118,20241118
731,11.89,24.9,171,6,37,4,5,20240727,20240727
732,51.83,18.5,143,28,31,10,1,20250315,20250315
733,73.06,5.2,36,16,46,5,8,20240608,20240608
734,88.85,23.5,7,8,36,6,7,20241019,20241019
735,50.64,24.3,160,50,5,7,1,20241231,20241231
736,15.98,2.3,23,68,7,7,5,20240517,20240517
737,47.07,2.2,67,53,24,10,3,20240906,20240906
738,18.88,9.2,83,21,5,3,1,20240817,20240817
739,58.27,19.6,171,39,37,6,7,20250201,20250201
740,96.44,4.5,133,31,50,1,3,20240808,20240808
741,38.82,23.4,121,68,7,10,7,20250115,20250115
742,46.9,17.3,65,21,5,5,2,20241129,20241129
743,95.35,2.3,111,70,39,8,3,20240810,20240810
744,88.6,3.4,62,23,48,8,4,20241031,20241031
745,48.83,6.1,115,40,26,8,7,20240429,20240429
746,38.77,14.8,135,48,36,5,4,20241226,20241226
747,19.62,4.8,97,7,18,10,2,20250202,20250202
748,55.42,2.2,82,48,36,8,9,20250205,20250205
749,33.37,8.9,183,51,3,1,6,20250225,20250225
750,41.24,7.8,146,1,50,7,8,20250215,20250215
751,20.88,10.9,20,42,39,6,5,20241212,20241212
752,54.2,5.1,119,21,5,10,2,20240519,20240519
753,85.25,7.5,48,50,5,3,8,20240821,20240821
754,61.2,16.0,94,25,16,1,10,20241223,20241223
755,78.35,3.6,108,12,4,10,3,20240708,20240708
756,79.04,16.8,187,7,18,3,7,20240809,20240809
757,33.32,19.7,98,59,5,3,10,20240728,20240728
758,69.59,24.7,38,26,45,6,1,20241119,20241119
759,82.72,12.9,20,18,39,8,2,20240417,20240417
760,36.53,3.3,94,51,3,10,3,20241208,20241208
761,92.77,4.3,96,43,50,8,3,20241216,20241216
762,35.84,24.6,87,21,5,8,6,20240816,20240816
763,52.81,11.6,146,66,48,5,10,20240519,20240519
764,20.8,24.6,104,6,37,1,8,20241008,20241008
765,30.87,19.9,164,36,12,6,9,20240512,20240512
766,97.43,13.3,119,60,31,6,1,20240731,20240731
767,96.58,15.1,62,65,47,5,9,20240605,20240605
768,7.83,24.2,81,43,50,2,6,20241019,20241019
769,83.3,18.1,180,21,5,8,7,20241124,20241124
770,19.6,3.8,24,26,45,4,4,20241120,20241120
771,94.56,8.7,180,16,46,3,7,20250404,20250404
772,64.7,17.0,27,24,4,2,2,20240523,20240523
773,50.21,14.8,10,64,38,9,8,20250201,20250201
774,81.42,13.0,131,53,24,9,4,20241201,20241201
775,6.32,9.5,60,34,27,8,3,20250407,20250407
776,72.06,12.9,189,19,27,7,10,20240702,20240702
777,49.21,5.4,193,9,28,8,3,20241108,20241108
778,58.28,19.0,123,22,20,10,6,20240810,20240810
779,99.47,17.1,9,25,16,2,6,20240709,20240710
780,39.39,5.0,53,11,33,6,10,20241129,20241129
781,84.52,20.2,38,25,16,5,6,20240806,20240806
782,94.89,16.0,113,17,27,10,6,20250316,20250316
783,48.6,13.2,15,16,46,9,4,20240814,20240814
784,48.55,4.1,96,64,38,4,2,20241030,20241030
785,74.09,18.1,178,36,12,4,5,20240930,20240930
786,65.44,14.0,150,2,47,6,5,20250413,20250413
787,18.84,18.6,107,24,4,8,5,20240716,20240716
788,21.59,2.1,98,49,7,5,3,20241019,20241019
789,29.43,3.8,148,67,3,7,8,20240630,20240630
790,96.18,8.5,102,59,5,9,3,20240620,20240620
791,83.59,18.7,6,7,18,10,10,20250305,20250305
792,87.75,23.8,173,36,12,4,2,20250110,20250110
793,97.29,20.9,137,28,31,9,4,20240715,20240715
794,61.27,4.0,37,30,25,7,7,20240905,20240905
795,16.78,11.9,41,59,5,7,4,20250409,20250409
796,39.58,7.4,95,46,40,1,10,20240822,20240822
797,12.11,23.1,138,60,31,7,1,20240420,20240420
798,9.34,19.4,21,41,44,10,10,20240718,20240718
799,74.24,15.6,29,11,33,3,9,20240708,20240708
800,98.93,17.0,2,32,14,3,4,20241209,20241209
801,41.35,5.4,156,66,48,9,7,20250407,20250407
802,79.77,9.9,96,7,18,9,1,20250415,20250415
803,64.45,15.8,185,60,31,4,7,20240723,20240723
804,84.22,23.9,22,2,47,3,8,20250107,20250107
805,73.95,22.2,46,43,50,4,10,20240612,20240612
806,30.39,6.9,92,19,27,8,5,20250223,20250223
807,45.82,14.6,113,7,18,8,8,20250331,20250331
808,92.93,6.1,23,1,50,2,8,20240918,20240918
809,27.15,21.1,9,23,48,1,3,20240917,20240917
810,71.03,9.4,2,4,30,4,2,20250130,20250130
811,32.44,6.2,97,46,40,2,5,20240609,20240609
812,98.65,4.0,194,48,36,4,10,20240706,20240706
813,76.24,18.1,5,8,36,9,6,20250329,20250329
814,51.91,20.8,6,64,38,8,10,20241110,20241110
815,38.68,23.1,84,18,39,8,2,20250311,20250311
816,35.39,18.2,131,58,46,6,7,20250314,20250314
817,18.18,11.3,88,47,21,6,6,20250208,20250208
818,93.08,12.7,129,59,5,6,2,20240910,20240910
819,46.08,24.4,88,23,48,7,8,20240425,20240425
820,96.46,14.2,157,24,4,7,4,20240426,20240426
821,93.12,8.4,110,52,18,7,9,20250124,20250124
822,75.31,17.9,113,17,27,3,1,20240512,20240512
823,67.57,11.7,104,67,3,5,3,20250407,20250407
824,84.7,9.5,39,46,40,9,5,20240514,20240514
825,92.36,3.7,56,15,26,3,2,20241017,20241017
826,86.84,24.6,158,27,43,4,9,20241205,20241205
827,33.22,24.0,53,70,39,9,4,20241003,20241004
828,97.56,4.7,84,64,38,4,1,20250210,20250210
829,39.86,14.8,159,39,37,6,3,20241117,20241117
830,53.17,23.3,76,34,27,9,5,20241002,20241002
831,22.72,17.8,44,38,42,3,1,20241106,20241106
832,63.68,14.4,130,2,47,6,6,20241201,20241201
833,77.95,3.8,103,42,39,4,6,20240731,20240731
834,79.71,17.6,137,26,45,7,2,20240818,20240818
835,44.4,13.6,90,68,7,10,1,20240623,20240623
836,75.62,16.6,10,63,11,2,3,20250224,20250224
837,17.2,4.2,60,23,48,9,3,20240617,20240617
838,87.68,16.0,34,18,39,6,7,20250222,20250222
839,90.34,14.5,175,63,11,6,8,20241213,20241213
840,51.27,15.8,175,43,50,8,6,20240806,20240806
841,39.26,7.9,25,46,40,7,5,20240425,20240425
842,42.15,10.3,154,24,4,9,6,20240730,20240730
843,75.7,22.0,150,6,37,10,3,20240429,20240429
844,73.22,13.2,146,52,18,7,6,20250201,20250201
845,91.91,12.3,37,5,18,7,1,20250330,20250330
846,6.85,16.9,165,13,15,3,3,20241124,20241124
847,38.33,19.2,146,68,7,4,1,20240418,20240418
848,40.67,4.2,94,15,26,4,9,20240528,20240529
849,27.49,19.8,3,56,5,6,1,20240602,20240602
850,58.28,15.3,13,50,5,4,9,20250208,20250208
851,65.08,5.8,13,10,43,1,6,20241207,20241207
852,16.26,14.7,156,1,50,7,6,20240504,20240504
853,50.8,20.9,35,32,14,8,4,20241029,20241029
854,53.84,2.7,182,6,37,5,9,20241020,20241020
855,93.93,4.5,161,30,25,7,8,20241028,20241028
856,85.64,20.6,144,28,31,2,6,20241216,20241216
857,17.71,15.0,39,24,4,3,2,20240417,20240418
858,81.38,24.7,106,36,12,6,3,20240720,20240720
859,49.2,9.5,78,64,38,2,9,20240528,20240528
860,26.0,23.3,174,26,45,10,8,20240729,20240729
861,24.96,7.3,25,33,39,10,9,20240713,20240713
862,27.49,19.1,28,44,21,7,9,20241206,20241206
863,97.05,22.6,40,29,35,8,4,20241018,20241018
864,17.08,19.0,122,54,4,1,10,20241113,20241113
865,91.54,7.7,21,29,35,5,7,20240603,20240603
866,56.47,20.2,17,29,35,7,8,20241203,20241203
867,50.37,22.8,182,22,20,9,9,20250211,20250211
868,22.61,24.8,82,38,42,3,5,20241107,20241107
869,53.8,9.6,196,51,3,10,1,20241020,20241020
870,33.77,22.7,83,17,27,7,1,20240724,20240724
871,87.97,11.1,157,69,41,10,5,20250228,20250228
872,80.63,3.8,101,59,5,7,4,20250303,20250303
873,37.59,15.9,79,38,42,8,4,20240626,20240626
874,98.03,8.7,29,35,35,7,7,20250201,20250201
875,12.23,7.2,153,60,31,6,2,20250326,20250326
876,52.23,9.0,29,35,35,2,4,20240508,20240508
877,66.71,21.3,69,9,28,9,6,20240722,20240722
878,43.09,10.6,51,61,14,4,7,20240811,20240811
879,54.65,5.4,140,33,39,1,1,20240503,20240503
880,40.48,9.7,105,33,39,4,5,20240904,20240904
881,49.75,5.4,158,31,50,4,4,20240713,20240713
882,70.38,9.2,78,19,27,8,8,20240718,20240718
883,44.23,4.2,129,29,35,6,1,20240726,20240726
884,65.26,10.6,92,38,42,6,8,20250220,20250220
885,5.82,19.4,5,34,27,6,4,20240524,20240524
886,11.94,21.2,129,16,46,10,9,20240523,20240523
887,76.43,17.8,18,61,14,1,6,20250320,20250320
888,85.98,3.7,76,32,14,6,7,20250303,20250303
889,94.05,24.9,66,57,26,4,6,20241012,20241012
890,48.73,4.2,92,27,43,6,1,20240629,20240629
891,37.42,23.7,20,63,11,10,9,20240925,20240925
892,90.91,14.5,145,44,21,1,4,20250206,20250206
893,47.83,16.2,58,31,50,9,10,20240804,20240804
894,41.01,3.2,175,1,50,8,5,20250119,20250119
895,41.74,18.2,115,13,15,6,1,20240616,20240616
896,35.6,23.4,111,41,44,4,1,20250302,20250302
897,84.45,17.0,41,58,46,10,3,20250225,20250225
898,5.23,15.1,57,54,4,3,3,20240620,20240620
899,89.3,15.0,66,54,4,9,6,20240620,20240620
900,51.77,18.0,196,38,42,9,8,20250327,20250327
901,26.78,8.6,31,31,50,8,2,20240629,20240629
902,94.73,18.3,15,21,5,10,5,20250128,20250128
903,18.35,4.7,56,38,42,2,7,20241009,20241009
904,43.62,24.2,32,46,40,10,7,20250102,20250102
905,20.64,18.3,2,36,12,1,4,20240704,20240704
906,85.96,2.5,90,12,4,9,7,20240817,20240817
907,34.03,19.7,159,37,43,6,10,20241112,20241112
908,32.88,11.3,154,26,45,2,9,20240829,20240829
909,87.38,18.2,180,37,43,9,1,20241206,20241206
910,75.67,9.6,27,50,5,4,5,20240604,20240604
911,99.22,21.1,29,43,50,2,6,20240716,20240716
912,7.78,20.1,92,3,49,8,4,20250114,20250114
913,6.21,10.1,167,61,14,10,2,20240712,20240712
914,77.08,13.4,24,22,20,7,1,20250317,20250317
915,6.23,22.4,18,25,16,4,4,20240608,20240608
916,46.89,21.0,113,2,47,1,1,20240707,20240707
917,85.5,13.1,103,22,20,5,5,20240801,20240801
918,21.27,19.6,50,55,14,8,5,20250404,20250404
919,59.54,18.7,190,48,36,5,6,20240920,20240920
920,6.18,18.5,15,5,18,5,5,20240801,20240802
921,11.2,23.1,142,16,46,7,9,20250311,20250311
922,56.33,24.5,164,60,31,4,2,20241115,20241115
923,76.91,11.0,171,50,5,10,1,20250410,20250410
924,35.57,18.0,113,32,14,10,5,20240806,20240806
925,83.35,21.0,191,2,47,8,4,20250224,20250225
926,57.43,5.3,136,9,28,8,2,20240820,20240820
927,40.17,12.6,127,21,5,8,5,20250314,20250314
928,84.2,3.2,134,8,36,5,8,20241219,20241219
929,23.87,12.0,97,21,5,8,7,20250106,20250106
930,81.55,8.0,103,39,37,7,2,20250115,20250116
931,21.4,12.4,143,60,31,4,10,20240608,20240608
932,95.82,23.3,71,35,35,9,2,20250216,20250216
933,55.69,21.1,6,38,42,3,4,20241007,20241007
934,86.11,7.7,156,52,18,5,7,20241003,20241003
935,90.26,24.6,27,58,46,4,1,20250304,20250304
936,31.58,6.7,147,15,26,5,2,20240916,20240916
937,19.59,13.1,16,37,43,8,8,20241228,20241228
938,78.97,14.3,100,35,35,2,6,20241114,20241114
939,17.24,3.3,95,65,47,6,3,20241105,20241105
940,49.88,22.1,132,21,5,2,4,20241009,20241009
941,46.22,22.0,6,24,4,9,10,20250303,20250303
942,92.25,24.8,71,8,36,9,10,20240926,20240926
943,39.33,20.9,66,39,37,6,1,20240726,20240726
944,90.92,11.5,92,54,4,2,1,20241030,20241030
945,44.77,20.3,27,23,48,1,10,20240822,20240822
946,21.64,5.7,184,31,50,7,5,20250122,20250122
947,65.43,20.0,84,30,25,10,5,20240422,20240422
948,66.52,7.5,59,11,33,1,9,20250226,20250226
949,33.06,9.0,78,10,43,3,3,20240611,20240611
950,68.98,19.8,190,48,36,10,3,20241012,20241012
951,17.56,17.5,156,17,27,5,6,20250319,20250319
952,6.9,21.2,132,44,21,8,5,20240817,20240817
953,33.76,13.1,142,12,4,2,5,20240824,20240824
954,79.21,11.9,45,59,5,2,2,20241007,20241007
955,71.36,19.2,147,19,27,8,9,20240905,20240905
956,41.21,9.1,107,1,50,9,2,20250108,20250108
957,19.28,4.4,4,9,28,7,1,20241006,20241006
958,81.69,10.7,127,39,37,3,4,20250326,20250326
959,62.54,3.1,61,41,44,2,5,20240608,20240608
960,74.65,5.8,108,28,31,1,4,20241201,20241201
961,74.21,6.3,154,4,30,9,1,20241020,20241020
962,32.35,13.3,28,54,4,5,4,20240706,20240706
963,49.59,24.4,3,33,39,8,1,20250201,20250201
964,76.4,17.5,154,59,5,6,3,20241018,20241018
965,74.18,9.2,142,59,5,1,6,20241116,20241116
966,25.17,10.3,148,12,4,1,3,20241017,20241017
967,85.71,11.0,97,16,46,10,9,20241009,20241009
968,55.99,4.1,1,13,15,1,4,20240518,20240518
969,94.41,20.5,105,31,50,1,5,20250102,20250102
970,68.51,19.3,199,37,43,7,2,20241210,20241210
971,87.41,24.6,145,10,43,10,5,20250313,20250313
972,25.36,21.4,138,49,7,3,7,20250117,20250117
973,81.47,19.6,185,29,35,3,5,20240524,20240524
974,78.09,2.1,82,22,20,10,7,20250329,20250329
975,82.28,7.5,92,63,11,8,7,20240824,20240824
976,84.87,3.7,191,51,3,10,10,20240513,20240513
977,79.69,3.4,102,14,37,8,2,20240628,20240628
978,53.48,8.1,142,37,43,1,9,20250109,20250109
979,8.47,5.0,47,54,4,6,9,20240816,20240816
980,79.99,13.0,147,25,16,2,10,20240701,20240701
981,88.55,5.9,67,66,48,1,1,20241012,20241012
982,8.79,17.0,171,2,47,7,3,20241223,20241223
983,22.32,24.5,121,59,5,9,7,20240522,20240522
984,53.35,14.0,183,56,5,4,1,20250324,20250324
985,35.73,8.3,88,1,50,1,10,20241102,20241102
986,45.96,3.8,116,14,37,10,3,20240607,20240607
987,90.21,13.2,158,19,27,2,4,20240627,20240627
988,31.07,15.8,121,2,47,2,4,20241217,20241217
989,68.05,3.5,60,27,43,3,5,20241104,20241104
990,67.89,10.3,21,48,36,4,4,20250402,20250402
991,94.5,6.9,66,15,26,4,5,20240606,20240606
992,14.77,20.1,181,51,3,1,3,20240921,20240921
993,10.91,4.5,96,1,50,3,3,20240703,20240704
994,50.85,9.1,108,42,39,5,7,20250119,20250119
995,24.33,11.8,84,41,44,6,4,20250411,20250411
996,10.3,8.9,173,8,36,8,1,20240429,20240429
997,28.38,3.8,166,42,39,4,7,20250119,20250119
998,47.7,5.5,85,35,35,1,3,20240925,20240925
999,54.32,15.0,78,27,43,3,10,20250201,20250201
1000,94.83,24.9,94,23,48,1,9,20250104,20250104
1001,23.08,4.3,120,18,39,8,10,20250129,20250129
1002,76.06,8.5,192,70,39,9,2,20240719,20240719
1003,83.31,21.2,127,38,42,1,10,20240716,20240716
1004,40.85,4.8,174,30,25,7,3,20240519,20240519
1005,52.27,5.9,158,58,46,10,5,20240709,20240709
1006,8.6,19.8,93,36,12,6,1,20240904,20240904
1007,89.0,15.4,196,40,26,1,5,20241027,20241027
1008,98.11,10.3,68,15,26,8,10,20250307,20250307
1009,39.28,4.8,76,32,14,9,3,20240521,20240521
1010,58.23,9.6,188,2,47,4,10,20240608,20240608
1011,25.31,23.8,120,51,3,8,8,20240419,20240419
1012,77.01,7.5,190,58,46,5,6,20240814,20240814
1013,72.07,17.3,165,10,43,4,6,20240722,20240722
1014,12.48,21.7,108,45,22,3,1,20250207,20250207
1015,54.63,17.6,157,21,5,10,3,20241102,20241102
1016,29.37,8.4,66,53,24,4,7,20240826,20240826
1017,88.21,20.0,27,65,47,7,9,20241125,20241125
1018,64.34,9.8,124,42,39,10,2,20250101,20250101
1019,22.28,17.7,199,51,3,7,6,20240901,20240901
1020,58.04,10.2,139,49,7,9,10,20250322,20250322
1021,40.99,20.1,81,25,16,7,3,20250122,20250122
1022,51.41,24.6,170,9,28,9,8,20241001,20241001
1023,49.84,24.9,170,53,24,1,9,20241129,20241129
1024,8.34,10.9,100,16,46,2,5,20240820,20240820
1025,93.1,13.3,175,52,18,7,2,20250401,20250401
1026,33.42,11.5,96,31,50,4,4,20240705,20240705
1027,84.48,20.5,195,61,14,9,4,20241203,20241203
1028,11.45,24.3,132,9,28,4,10,20241020,20241020
1029,99.55,3.5,113,4,30,1,8,20240816,20240816
1030,64.98,9.5,185,5,18,5,5,20240812,20240812
1031,70.73,6.2,104,40,26,2,9,20241221,20241222
1032,82.59,11.9,177,41,44,7,7,20240713,20240713
1033,61.6,10.0,79,30,25,8,4,20241213,20241213
1034,90.52,16.1,117,48,36,3,10,20250103,20250103
1035,24.41,16.6,33,63,11,4,8,20250120,20250120
1036,59.54,15.0,135,18,39,5,3,20240430,20240430
1037,88.81,17.1,154,54,4,10,6,20241005,20241005
1038,12.81,17.3,32,31,50,3,3,20240913,20240913
1039,54.72,7.9,84,65,47,2,1,20240708,20240708
1040,47.37,21.4,70,36,12,9,5,20241020,20241020
1041,17.65,13.6,95,17,27,9,3,20240904,20240904
1042,15.08,24.0,37,36,12,9,10,20250413,20250413
1043,53.36,21.5,69,51,3,1,4,20250309,20250309
1044,77.18,24.6,166,26,45,8,4,20241129,20241129
1045,10.54,23.0,3,29,35,9,10,20240807,20240807
1046,48.01,12.3,145,70,39,9,2,20241004,20241004
1047,20.73,5.9,8,64,38,8,4,20250213,20250213
1048,44.27,13.0,156,47,21,1,5,20250416,20250416
1049,81.95,4.9,36,28,31,8,2,20250208,20250208
1050,13.67,17.3,197,8,36,10,5,20241213,20241213
1051,77.8,10.0,103,34,27,2,10,20240927,20240927
1052,52.36,12.3,42,23,48,2,2,20250104,20250104
1053,71.44,8.7,88,44,21,4,8,20240825,20240825
1054,38.0,5.6,184,12,4,4,6,20240709,20240709
1055,36.19,17.2,48,67,3,8,5,20250326,20250326
1056,91.64,8.6,55,68,7,1,3,20240521,20240521
1057,20.46,8.0,102,38,42,1,7,20241219,20241219
1058,86.67,15.5,8,48,36,6,2,20241102,20241102
1059,84.36,18.7,146,49,7,7,9,20241128,20241128
1060,96.91,17.3,147,40,26,1,3,20240715,20240715
1061,28.71,10.4,186,51,3,3,5,20240907,20240907
1062,85.52,12.0,20,14,37,9,10,20241228,20241228
1063,81.76,11.8,57,19,27,5,5,20241023,20241023
1064,91.25,15.5,39,67,3,6,4,20250322,20250322
1065,70.22,10.0,101,17,27,4,2,20240616,20240616
1066,28.27,24.8,146,15,26,9,1,20250414,20250414
1067,36.36,22.9,107,2,47,1,7,20240725,20240725
1068,41.61,10.0,52,37,43,2,10,20240827,20240827
1069,73.25,15.4,109,31,50,3,2,20250410,20250410
1070,28.72,10.5,90,41,44,1,10,20240720,20240720
1071,62.57,24.7,174,50,5,10,6,20250317,20250317
1072,11.87,14.1,121,14,37,8,9,20240929,20240929
1073,32.01,4.5,163,46,40,6,9,20241012,20241012
1074,19.41,7.4,60,48,36,6,4,20250316,20250316
1075,50.28,4.3,111,51,3,6,3,20250217,20250217
1076,68.5,16.2,116,64,38,8,6,20241122,20241122
1077,26.02,6.2,183,28,31,6,3,20250111,20250111
1078,97.49,16.6,63,43,50,10,2,20240906,20240906
1079,5.33,3.2,174,59,5,10,5,20250408,20250408
1080,42.49,15.1,123,10,43,5,2,20240618,20240618
1081,47.27,7.4,155,54,4,8,6,20240528,20240528
1082,52.02,11.5,66,28,31,5,6,20250315,20250315
1083,27.07,8.3,163,23,48,6,2,20241101,20241101
1084,53.77,4.1,92,44,21,5,2,20241109,20241109
1085,12.62,17.1,30,8,36,7,10,20241129,20241129
1086,18.48,11.0,10,16,46,9,7,20240616,20240616
1087,84.91,20.3,75,54,4,9,2,20240712,20240712
1088,61.63,16.3,170,24,4,3,10,20241129,20241129
1089,63.34,22.2,101,16,46,5,8,20241214,20241214
1090,91.74,22.6,168,5,18,9,9,20250227,20250227
1091,20.29,10.1,135,13,15,10,10,20250205,20250205
1092,32.57,13.5,56,36,12,9,7,20250330,20250330
1093,22.8,7.8,107,2,47,10,2,20240915,20240915
1094,52.63,23.1,63,40,26,7,1,20240924,20240924
1095,9.46,22.0,175,38,42,5,9,20240823,20240823
1096,52.14,7.6,170,42,39,6,4,20250205,20250205
1097,58.63,20.2,192,22,20,4,7,20240824,20240824
1098,45.02,20.0,200,31,50,8,3,20250304,20250304
1099,71.28,21.2,53,8,36,4,8,20250114,20250114
1100,64.04,18.3,106,38,42,3,6,20241120,20241120
1101,22.18,12.5,124,38,42,3,9,20250220,20250220
1102,41.06,9.3,14,26,45,4,2,20240914,20240914
1103,81.52,23.3,16,57,26,7,7,20250212,20250212
1104,64.15,17.9,188,9,28,5,10,20241119,20241119
1105,23.22,6.0,7,18,39,7,7,20250117,20250117
1106,62.06,11.4,144,41,44,10,1,20250116,20250116
1107,21.23,13.5,125,40,26,6,5,20250227,20250227
1108,27.09,15.7,117,62,15,8,5,20240819,20240819
1109,97.43,7.7,180,35,35,2,1,20240523,20240523
1110,94.09,14.1,74,47,21,3,10,20240828,20240828
1111,68.19,20.1,171,56,5,5,5,20241121,20241121
1112,74.35,8.3,159,40,26,7,6,20250101,20250101
1113,76.62,6.0,104,44,21,10,10,20241013,20241013
1114,40.0,17.5,161,33,39,6,6,20250407,20250407
1115,57.76,12.9,92,56,5,6,9,20250104,20250104
1116,28.36,16.0,48,54,4,2,5,20240902,20240902
1117,38.6,7.9,152,70,39,7,4,20240616,20240616
1118,55.25,19.2,13,1,50,9,8,20241115,20241115
1119,45.34,9.0,106,51,3,1,6,20240621,20240621
1120,16.24,13.6,74,2,47,3,5,20241011,20241011
1121,17.84,20.3,190,55,14,4,4,20240530,20240530
1122,86.21,10.0,80,2,47,8,10,20240907,20240907
1123,22.42,8.3,176,17,27,3,5,20250317,20250317
1124,30.67,9.2,18,32,14,9,4,20250406,20250406
1125,24.98,8.1,111,64,38,5,6,20250117,20250117
1126,40.11,24.4,175,58,46,7,2,20241026,20241026
1127,73.21,12.3,12,59,5,9,4,20241114,20241114
1128,61.45,7.9,52,5,18,2,1,20240903,20240903
1129,5.15,9.0,157,25,16,9,2,20240707,20240707
1130,30.76,22.9,97,9,28,8,3,20240919,20240919
1131,15.44,12.5,8,56,5,9,8,20241020,20241020
1132,55.19,11.5,45,23,48,8,1,20240417,20240417
1133,67.07,23.6,29,59,5,8,7,20240520,20240520
1134,71.76,18.7,119,70,39,7,8,20240831,20240831
1135,78.07,9.9,185,11,33,8,5,20240513,20240513
1136,22.01,11.1,113,17,27,5,4,20250210,20250210
1137,10.45,20.9,174,13,15,1,6,20241103,20241103
1138,67.97,8.4,62,39,37,8,7,20241021,20241021
1139,76.38,19.8,79,27,43,9,9,20241207,20241207
1140,5.6,14.2,112,30,25,4,2,20240529,20240529
1141,20.55,6.4,120,63,11,5,3,20241022,20241022
1142,70.04,16.5,115,15,26,6,5,20241208,20241208
1143,32.9,8.6,129,54,4,1,10,20240518,20240518
1144,95.24,12.1,178,60,31,3,7,20241014,20241014
1145,50.19,17.2,86,34,27,3,10,20240622,20240622
1146,26.41,17.5,62,11,33,10,5,20241109,20241110
1147,85.41,24.0,134,49,7,7,4,20240622,20240622
1148,77.89,4.1,154,67,3,8,2,20250116,20250116
1149,84.15,2.7,176,35,35,4,7,20250119,20250119
1150,42.27,2.7,146,66,48,2,6,20240427,20240427
1151,79.05,22.7,67,33,39,4,7,20241121,20241121
1152,95.1,22.5,127,47,21,8,9,20240423,20240423
1153,37.7,21.5,84,8,36,8,7,20250307,20250307
1154,49.36,5.2,11,33,39,1,1,20240505,20240505
1155,95.29,10.9,89,13,15,6,8,20240629,20240629
1156,40.94,15.2,40,1,50,3,4,20250310,20250310
1157,70.55,11.1,112,48,36,1,9,20250101,20250101
1158,69.96,18.0,143,34,27,4,1,20240515,20240515
1159,37.54,10.7,116,23,48,7,2,20250320,20250320
1160,10.88,15.7,123,47,21,6,1,20241214,20241214
1161,26.84,2.9,34,32,14,10,10,20250109,20250109
1162,31.76,10.3,86,31,50,3,1,20240824,20240824
1163,14.4,13.6,51,52,18,9,3,20240717,20240717
1164,97.75,11.3,90,40,26,5,10,20250317,20250317
1165,49.89,2.0,35,41,44,1,1,20241219,20241219
1166,87.56,11.3,59,48,36,10,3,20241112,20241113
1167,46.43,10.2,94,69,41,4,10,20250108,20250108
1168,48.21,15.4,175,16,46,9,5,20250113,20250113
1169,81.32,6.8,74,31,50,1,4,20240804,20240804
1170,35.36,7.9,6,17,27,1,5,20241127,20241127
1171,62.77,23.4,65,59,5,6,8,20240715,20240715
1172,6.6,20.4,31,22,20,7,5,20250224,20250224
1173,89.48,22.3,29,36,12,3,4,20250407,20250407
1174,86.48,14.6,125,38,42,7,10,20241211,20241211
1175,6.3,23.5,42,40,26,7,3,20240630,20240630
1176,76.76,6.3,38,7,18,6,6,20241216,20241216
1177,44.0,17.8,199,7,18,3,1,20241229,20241229
1178,28.55,22.3,123,30,25,6,1,20240809,20240809
1179,59.42,15.4,112,56,5,9,7,20240623,20240623
1180,92.12,2.7,14,57,26,7,8,20240421,20240421
1181,32.9,6.5,193,15,26,8,5,20250213,20250213
1182,18.16,2.8,121,67,3,8,2,20240619,20240619
1183,63.18,5.7,173,49,7,10,5,20250324,20250324
1184,40.54,9.1,137,37,43,8,7,20241107,20241107
1185,80.61,3.3,176,67,3,10,5,20241002,20241002
1186,71.71,23.7,194,36,12,3,5,20241225,20241225
1187,78.08,10.8,28,69,41,10,3,20250402,20250402
1188,89.57,18.3,125,7,18,9,9,20240811,20240811
1189,65.94,10.0,70,5,18,5,6,20250319,20250319
1190,84.4,13.8,32,56,5,3,5,20241103,20241103
1191,83.51,2.7,165,29,35,1,1,20250318,20250318
1192,15.11,6.3,198,49,7,9,2,20240824,20240824
1193,10.5,21.4,46,54,4,9,10,20250405,20250405
1194,57.85,21.3,126,10,43,8,1,20250306,20250306
1195,5.72,21.1,139,7,18,7,8,20240528,20240528
1196,90.49,21.5,8,29,35,8,8,20250209,20250209
1197,28.59,6.9,136,49,7,5,8,20240830,20240830
1198,14.24,22.6,61,34,27,6,7,20241015,20241015
1199,49.0,8.3,165,31,50,9,6,20241121,20241121
1200,10.7,22.8,180,19,27,2,9,20241021,20241021
1201,56.82,3.4,5,31,50,4,7,20241218,20241218
1202,58.3,11.6,164,20,32,2,6,20240621,20240621
1203,86.67,11.1,86,26,45,7,7,20240421,20240421
1204,93.67,23.4,90,64,38,8,7,20240623,20240623
1205,97.9,22.9,160,57,26,4,7,20250110,20250110
1206,64.56,11.3,162,65,47,7,4,20240904,20240904
1207,47.33,2.7,81,67,3,6,1,20241009,20241009
1208,58.5,4.5,87,41,44,7,5,20240531,20240531
1209,40.06,6.9,95,45,22,8,1,20240918,20240918
1210,45.26,4.0,95,36,12,5,8,20240526,20240526
1211,89.4,12.2,152,58,46,1,9,20241003,20241003
1212,37.91,5.9,153,33,39,3,8,20240806,20240806
1213,54.9,7.4,57,20,32,4,1,20241128,20241128
1214,54.95,4.3,158,70,39,7,10,20240625,20240625
1215,51.6,17.8,5,34,27,10,9,20240523,20240523
1216,5.92,22.8,166,55,14,3,5,20250223,20250223
1217,51.74,20.0,24,18,39,2,7,20241031,20241031
1218,32.92,12.3,87,31,50,3,1,20250124,20250124
1219,37.08,16.6,136,45,22,9,2,20240608,20240608
1220,91.47,14.5,4,9,28,5,5,20240916,20240916
1221,71.58,9.7,150,62,15,6,8,20250225,20250225
1222,80.54,14.6,162,68,7,8,8,20241016,20241016
1223,47.97,20.9,159,57,26,10,10,20250226,20250226
1224,63.5,20.8,66,62,15,7,6,20250404,20250404
1225,94.79,22.9,136,2,47,7,5,20250401,20250401
1226,69.04,21.0,50,12,4,7,7,20241015,20241015
1227,72.54,14.5,121,13,15,3,3,20240503,20240503
1228,19.67,16.6,183,47,21,9,1,20241216,20241216
1229,61.96,11.9,142,58,46,6,5,20250226,20250226
1230,27.16,23.5,130,61,14,5,2,20240726,20240726
1231,30.45,24.4,155,1,50,4,9,20241227,20241227
1232,50.44,3.5,184,62,15,9,8,20240609,20240609
1233,28.0,9.6,78,7,18,7,9,20241126,20241126
1234,41.57,23.6,37,63,11,7,6,20241130,20241130
1235,64.77,21.9,158,16,46,3,9,20240507,20240507
1236,98.75,19.5,189,46,40,9,1,20250131,20250131
1237,70.44,18.1,57,10,43,6,7,20240722,20240722
1238,70.29,13.6,104,14,37,2,6,20240731,20240731
1239,70.93,22.2,20,45,22,9,4,20250116,20250116
1240,74.19,2.4,5,64,38,2,6,20241029,20241029
1241,40.46,10.0,96,40,26,10,8,20240804,20240804
1242,32.07,5.3,132,27,43,5,7,20250326,20250326
1243,98.07,16.6,133,53,24,4,4,20240917,20240917
1244,15.44,14.1,165,16,46,1,8,20241124,20241124
1245,55.94,7.9,55,60,31,5,2,20240810,20240810
1246,33.58,10.7,5,34,27,6,2,20240726,20240726
1247,37.21,9.6,37,21,5,10,2,20240809,20240809
1248,6.27,5.4,174,28,31,2,8,20250105,20250105
1249,75.44,19.2,163,22,20,6,2,20241116,20241116
1250,66.18,24.0,186,11,33,1,2,20240926,20240926
1251,23.18,20.6,196,30,25,8,6,20240517,20240517
1252,9.11,15.2,24,1,50,5,9,20240930,20240930
1253,71.78,22.7,76,8,36,1,1,20241011,20241011
1254,24.42,13.0,90,39,37,8,9,20250405,20250405
1255,47.97,14.6,149,56,5,5,7,20240531,20240531
1256,8.43,11.3,34,35,35,10,4,20240419,20240419
1257,85.82,4.0,18,16,46,10,8,20241023,20241023
1258,15.21,20.9,32,43,50,8,8,20240909,20240909
1259,53.48,7.1,103,60,31,6,10,20250301,20250301
1260,70.53,14.1,194,30,25,8,7,20241108,20241108
1261,58.48,19.9,65,17,27,10,1,20240811,20240811
1262,77.45,16.6,169,51,3,6,8,20241127,20241127
1263,51.79,23.8,146,64,38,5,3,20250408,20250408
1264,30.83,12.1,57,29,35,8,9,20240829,20240829
1265,46.46,10.9,91,13,15,5,9,20240901,20240901
1266,49.82,18.8,96,34,27,8,7,20241101,20241101
1267,75.78,6.9,164,42,39,4,2,20240701,20240701
1268,90.12,9.1,72,1,50,10,2,20250314,20250314
1269,49.47,6.3,11,3,49,3,2,20240623,20240623
1270,60.97,18.4,124,64,38,3,2,20240803,20240803
1271,16.59,6.2,16,4,30,4,3,20250123,20250123
1272,96.71,19.8,55,50,5,7,9,20240502,20240502
1273,28.44,22.9,6,34,27,10,5,20240522,20240522
1274,42.55,7.1,85,27,43,10,10,20241107,20241107
1275,43.74,4.4,176,55,14,6,9,20241028,20241028
1276,14.23,14.3,111,9,28,7,1,20240418,20240418
1277,69.52,14.8,98,23,48,7,10,20240824,20240824
1278,49.87,14.8,106,25,16,6,3,20240505,20240505
1279,35.25,5.3,144,68,7,5,1,20240423,20240423
1280,60.06,14.8,97,51,3,9,9,20240815,20240816
1281,8.25,24.4,162,47,21,10,3,20241017,20241017
1282,39.09,16.1,186,38,42,10,8,20241027,20241027
1283,81.27,14.8,185,9,28,10,10,20240807,20240807
1284,9.89,17.6,64,13,15,4,6,20241022,20241022
1285,67.61,18.1,107,31,50,7,5,20240507,20240507
1286,44.15,21.0,129,21,5,7,10,20240726,20240726
1287,27.01,20.0,90,4,30,3,6,20241013,20241013
1288,46.22,15.9,2,7,18,9,5,20250414,20250414
1289,34.5,9.2,177,22,20,10,8,20241013,20241013
1290,74.24,4.8,199,34,27,1,4,20250126,20250126
1291,19.95,14.4,132,15,26,7,9,20241208,20241208
1292,20.14,14.7,136,26,45,4,2,20240915,20240915
1293,54.36,7.9,106,68,7,4,5,20240913,20240913
1294,64.7,20.1,142,23,48,3,6,20240614,20240614
1295,10.38,8.5,7,57,26,5,6,20250415,20250415
1296,65.56,23.2,140,54,4,7,3,20240718,20240719
1297,99.64,8.9,47,20,32,2,2,20240922,20240922
1298,31.08,21.4,73,44,21,4,8,20240704,20240704
1299,49.17,11.9,99,45,22,5,6,20241205,20241205
1300,89.85,14.7,160,46,40,7,4,20240426,20240426
1301,83.28,16.2,3,2,47,2,9,20241031,20241031
1302,96.01,9.8,85,5,18,4,8,20241227,20241227
1303,55.6,15.4,69,44,21,10,1,20250410,20250410
1304,43.42,2.8,119,47,21,8,5,20241011,20241011
1305,56.61,2.2,109,68,7,10,1,20241225,20241225
1306,43.97,13.8,30,18,39,9,2,20241122,20241122
1307,15.37,2.9,34,1,50,4,5,20240527,20240527
1308,54.29,17.4,176,58,46,9,3,20250312,20250312
1309,62.11,23.1,181,46,40,9,6,20241004,20241005
1310,88.09,4.7,144,8,36,2,6,20240827,20240827
1311,80.7,17.2,50,22,20,6,3,20241024,20241024
1312,99.61,20.6,9,45,22,5,10,20250407,20250407
1313,69.4,2.7,75,36,12,2,5,20240717,20240718
1314,84.73,13.7,109,39,37,7,9,20240915,20240915
1315,52.08,13.4,10,5,18,7,6,20250112,20250112
1316,78.2,10.3,129,22,20,2,5,20241024,20241024
1317,8.97,7.0,9,53,24,5,5,20250129,20250129
1318,51.02,10.3,170,15,26,7,2,20250307,20250307
1319,59.25,20.0,62,43,50,5,1,20250104,20250104
1320,72.7,7.9,61,17,27,1,10,20240515,20240515
1321,43.14,3.9,154,46,40,6,8,20250416,20250416
1322,45.3,4.8,71,46,40,3,2,20250201,20250201
1323,46.06,18.8,145,16,46,1,7,20240910,20240910
1324,76.46,15.3,68,69,41,5,7,20240430,20240430
1325,47.44,23.5,47,65,47,1,8,20240903,20240903
1326,17.87,10.3,25,38,42,8,2,20241012,20241012
1327,23.33,12.1,178,57,26,1,1,20240703,20240703
1328,55.98,3.2,196,63,11,6,5,20250321,20250321
1329,85.98,12.2,157,14,37,6,10,20250408,20250408
1330,8.15,15.6,125,37,43,5,2,20241005,20241005
1331,77.54,23.9,3,53,24,1,6,20241107,20241107
1332,91.74,7.5,145,9,28,8,4,20250330,20250330
1333,5.76,2.0,58,2,47,3,3,20241116,20241116
1334,22.89,20.4,145,20,32,10,7,20241221,20241221
1335,26.48,3.9,131,56,5,10,1,20241003,20241003
1336,8.94,3.1,120,42,39,2,7,20240701,20240701
1337,44.08,2.6,179,36,12,5,8,20250325,20250325
1338,16.32,9.1,146,59,5,4,6,20240521,20240521
1339,54.72,16.1,16,4,30,7,9,20241208,20241208
1340,82.28,15.5,11,34,27,10,4,20240428,20240428
1341,11.97,5.5,169,38,42,1,4,20240914,20240914
1342,54.87,23.7,68,53,24,7,3,20240618,20240618
1343,32.16,4.6,27,56,5,10,10,20240503,20240503
1344,28.22,24.0,22,45,22,5,8,20241203,20241203
1345,8.06,5.0,45,55,14,2,8,20241222,20241222
1346,32.07,22.9,119,36,12,1,5,20240901,20240901
1347,78.1,9.9,178,50,5,7,9,20250412,20250412
1348,43.13,2.6,171,32,14,7,2,20250328,20250328
1349,89.48,16.0,104,67,3,3,8,20240913,20240913
1350,31.36,18.3,3,44,21,5,9,20240813,20240813
1351,82.31,2.3,168,23,48,5,5,20240924,20240924
1352,97.62,22.4,3,1,50,2,8,20241119,20241119
1353,8.89,2.2,65,23,48,6,8,20240628,20240628
1354,93.45,6.3,27,59,5,8,1,20240610,20240610
1355,54.65,6.8,190,50,5,2,10,20240917,20240917
1356,38.8,8.4,33,30,25,9,2,20240806,20240806
1357,87.14,24.0,87,56,5,9,4,20241002,20241002
1358,10.63,14.0,96,11,33,9,3,20240707,20240707
1359,17.78,2.7,119,22,20,2,10,20241116,20241116
1360,28.23,3.4,117,7,18,10,1,20240809,20240809
1361,16.41,15.1,182,13,15,8,7,20240423,20240423
1362,81.08,16.4,71,14,37,8,3,20241102,20241102
1363,44.43,15.6,19,36,12,8,8,20240801,20240801
1364,13.19,6.5,54,60,31,1,9,20250225,20250226
1365,65.64,16.3,45,31,50,2,8,20250115,20250116
1366,81.6,5.7,93,22,20,2,3,20250303,20250303
1367,96.52,14.1,59,16,46,10,1,20250403,20250403
1368,27.53,18.1,154,68,7,9,9,20241222,20241222
1369,72.42,14.7,102,48,36,5,1,20240519,20240519
1370,8.14,2.5,31,7,18,6,3,20241116,20241116
1371,87.66,5.5,120,26,45,3,3,20240627,20240627
1372,82.83,14.4,172,36,12,2,9,20250321,20250321
1373,71.52,10.4,60,69,41,7,3,20240710,20240710
1374,20.73,16.7,186,16,46,3,2,20250228,20250228
1375,62.98,6.6,52,39,37,2,9,20250103,20250103
1376,97.18,12.5,38,3,49,1,4,20240818,20240818
1377,70.61,19.1,52,13,15,6,4,20240609,20240609
1378,75.77,3.6,112,39,37,5,3,20250216,20250216
1379,90.12,9.9,110,70,39,4,5,20240530,20240530
1380,10.67,22.2,186,53,24,10,8,20250213,20250213
1381,11.11,20.8,58,63,11,3,3,20240805,20240805
1382,94.12,20.4,58,56,5,8,4,20241204,20241204
1383,48.72,7.0,77,27,43,1,6,20241023,20241023
1384,18.34,2.3,106,21,5,4,9,20240810,20240810
1385,63.31,7.0,195,26,45,10,7,20240517,20240517
1386,97.62,19.4,21,57,26,10,4,20241228,20241228
1387,61.9,13.8,169,54,4,6,7,20240819,20240820
1388,98.83,23.6,103,63,11,10,4,20240417,20240417
1389,34.89,9.8,38,59,5,8,9,20240605,20240605
1390,74.27,12.7,191,53,24,8,6,20240704,20240704
1391,47.61,16.1,20,59,5,3,1,20250225,20250225
1392,46.0,10.3,6,47,21,5,2,20241217,20241217
1393,19.86,5.7,15,26,45,5,10,20240801,20240801
1394,22.9,6.0,109,11,33,4,10,20241220,20241221
1395,96.78,22.2,67,64,38,5,2,20240930,20240930
1396,27.32,14.5,168,41,44,6,6,20241223,20241223
1397,19.15,16.8,66,19,27,5,1,20240529,20240529
1398,59.22,10.2,146,17,27,6,4,20250414,20250414
1399,70.21,8.0,196,29,35,8,4,20240703,20240703
1400,81.39,11.6,48,14,37,1,10,20250409,20250409
1401,22.29,15.9,16,12,4,8,3,20241031,20241031
1402,15.39,10.4,179,47,21,2,10,20241212,20241213
1403,54.98,10.1,151,46,40,4,1,20240920,20240920
1404,54.36,10.6,140,48,36,4,5,20250209,20250209
1405,89.92,6.8,81,20,32,5,8,20241128,20241128
1406,42.92,18.2,64,7,18,1,10,20240819,20240819
1407,63.48,21.3,42,23,48,2,6,20241122,20241122
1408,17.47,10.1,4,24,4,8,7,20250407,20250407
1409,23.27,12.8,56,11,33,6,1,20241112,20241112
1410,29.9,10.0,45,35,35,1,7,20241123,20241123
1411,30.73,7.3,50,20,32,3,8,20241114,20241114
1412,40.33,5.7,58,12,4,4,1,20240629,20240629
1413,14.69,24.6,10,1,50,10,4,20250331,20250331
1414,38.64,18.0,170,36,12,10,9,20240705,20240705
1415,27.47,11.6,12,28,31,7,4,20240910,20240910
1416,22.97,16.7,109,61,14,4,8,20241228,20241228
1417,14.86,5.7,171,11,33,1,1,20240627,20240627
1418,98.69,7.6,95,20,32,7,3,20250127,20250127
1419,8.53,22.0,44,50,5,2,5,20240723,20240723
1420,11.01,21.8,158,26,45,5,2,20240717,20240717
1421,25.07,4.9,43,45,22,4,2,20250104,20250104
1422,95.22,14.0,174,11,33,6,2,20240726,20240726
1423,74.97,15.5,128,48,36,2,9,20240624,20240624
1424,82.86,2.5,134,6,37,10,7,20250110,20250111
1425,11.26,17.8,15,44,21,2,6,20241130,20241130
1426,82.84,8.0,94,9,28,4,9,20250406,20250406
1427,60.43,12.0,123,33,39,9,4,20250313,20250313
1428,53.04,18.0,3,36,12,10,4,20240506,20240506
1429,57.52,12.7,46,42,39,7,4,20240619,20240619
1430,96.45,20.6,49,62,15,4,2,20240628,20240629
1431,16.75,13.8,167,6,37,4,3,20240825,20240825
1432,44.53,23.6,127,60,31,1,7,20240828,20240828
1433,32.87,2.8,60,49,7,8,8,20241104,20241105
1434,91.28,9.2,43,44,21,9,4,20241229,20241229
1435,21.27,23.3,74,11,33,7,2,20240721,20240721
1436,45.4,19.6,135,2,47,6,8,20240718,20240718
1437,28.41,6.9,52,38,42,4,6,20241108,20241108
1438,42.18,8.0,24,38,42,1,9,20250112,20250112
1439,92.55,6.9,154,2,47,2,6,20240714,20240714
1440,45.83,20.2,9,48,36,5,8,20240620,20240620
1441,81.8,2.6,87,39,37,9,5,20240820,20240820
1442,30.11,22.1,118,39,37,2,1,20241211,20241211
1443,34.8,2.4,69,6,37,9,1,20240623,20240623
1444,47.44,2.9,65,6,37,3,7,20250214,20250214
1445,80.99,3.2,120,28,31,4,9,20240813,20240813
1446,39.65,5.6,184,1,50,3,3,20250224,20250224
1447,52.42,13.9,61,13,15,5,7,20240421,20240421
1448,20.96,21.9,32,20,32,9,10,20240624,20240624
1449,65.73,17.3,198,50,5,10,10,20250222,20250222
1450,67.69,20.9,195,30,25,10,2,20240907,20240907
1451,49.43,22.7,123,35,35,6,6,20240812,20240812
1452,6.11,3.8,29,15,26,6,10,20250314,20250314
1453,53.28,5.3,181,35,35,5,3,20250319,20250319
1454,53.5,12.8,22,22,20,3,4,20240819,20240819
1455,13.46,14.1,1,25,16,9,10,20250321,20250321
1456,30.78,22.3,61,14,37,1,10,20241012,20241012
1457,9.06,17.6,54,9,28,1,6,20241014,20241014
1458,65.81,4.4,45,10,43,6,7,20240520,20240520
1459,43.25,4.4,72,5,18,1,1,20250101,20250101
1460,68.68,9.6,195,25,16,10,5,20250403,20250403
1461,10.15,17.4,168,52,18,9,8,20250101,20250101
1462,42.75,12.7,172,47,21,2,5,20240418,20240418
1463,63.66,11.5,129,33,39,7,2,20241109,20241109
1464,12.62,12.4,181,18,39,8,5,20241231,20241231
1465,21.52,24.0,170,21,5,7,10,20250126,20250126
1466,13.87,9.5,14,53,24,3,6,20240612,20240612
1467,55.85,7.1,96,51,3,2,6,20240702,20240702
1468,94.23,2.4,114,34,27,2,3,20250207,20250207
1469,92.02,7.9,123,23,48,8,1,20250402,20250402
1470,11.89,2.9,97,40,26,7,3,20241006,20241006
1471,80.31,4.7,22,9,28,10,5,20240625,20240625
1472,14.29,8.6,61,38,42,7,9,20250201,20250201
1473,69.68,7.2,87,5,18,3,3,20250214,20250214
1474,42.93,4.5,172,19,27,9,9,20241118,20241118
1475,10.24,22.6,108,30,25,3,7,20240928,20240928
1476,60.45,5.6,84,66,48,1,3,20240825,20240825
1477,39.95,20.2,106,49,7,5,8,20241213,20241213
1478,96.51,9.2,29,24,4,3,4,20250312,20250312
1479,10.97,13.0,88,23,48,6,6,20250211,20250211
1480,58.66,17.9,146,5,18,7,7,20240427,20240427
1481,82.15,22.9,197,51,3,4,7,20250206,20250206
1482,64.61,15.9,127,15,26,1,2,20250113,20250113
1483,37.74,17.1,71,10,43,10,8,20241004,20241004
1484,85.93,15.8,17,42,39,5,4,20250102,20250102
1485,77.83,21.0,58,18,39,3,3,20240905,20240905
1486,98.25,10.8,192,44,21,3,6,20240926,20240927
1487,58.51,17.3,156,17,27,9,4,20250113,20250113
1488,19.38,22.4,174,65,47,3,8,20241026,20241026
1489,66.29,22.1,146,40,26,5,3,20240625,20240625
1490,65.57,19.7,59,3,49,7,7,20250318,20250318
1491,37.65,11.7,109,27,43,5,7,20240501,20240501
1492,61.15,11.3,15,21,5,5,7,20250328,20250328
1493,46.77,4.6,52,12,4,9,1,20240804,20240804
1494,20.37,18.5,32,32,14,9,5,20240611,20240611
1495,55.89,19.9,115,48,36,4,5,20241222,20241222
1496,70.68,23.3,119,24,4,6,9,20240619,20240619
1497,80.57,12.9,173,10,43,7,10,20250414,20250414
1498,6.12,5.0,23,58,46,8,8,20250301,20250301
1499,68.94,7.2,154,53,24,5,6,20240712,20240712
1500,24.69,16.9,62,69,41,5,2,20240820,20240820
1501,66.59,10.8,130,61,14,3,6,20240606,20240606
1502,62.28,4.2,120,63,11,6,5,20240514,20240514
1503,23.65,18.8,180,24,4,4,5,20240529,20240529
1504,32.44,18.0,64,22,20,3,1,20250415,20250415
1505,32.08,13.6,178,51,3,5,7,20250330,20250330
1506,28.22,15.3,142,62,15,3,6,20250111,20250111
1507,60.99,12.8,125,14,37,9,9,20250217,20250217
1508,98.35,18.3,94,25,16,10,9,20241212,20241212
1509,28.67,7.4,6,7,18,10,5,20241221,20241221
1510,41.86,21.5,184,4,30,3,6,20250406,20250406
1511,9.62,2.7,77,25,16,4,7,20240905,20240905
1512,90.29,8.6,42,20,32,5,1,20240928,20240928
1513,85.04,16.0,35,15,26,8,8,20250303,20250303
1514,18.2,17.6,165,26,45,10,7,20240510,20240510
1515,5.94,7.1,78,41,44,4,8,20250114,20250114
1516,39.96,11.3,58,30,25,9,3,20250227,20250227
1517,85.52,14.4,25,69,41,1,9,20250124,20250124
1518,25.89,23.0,169,61,14,6,4,20240714,20240714
1519,44.87,4.8,193,26,45,10,2,20240711,20240711
1520,99.3,15.5,8,24,4,3,10,20240717,20240717
1521,38.58,4.4,99,40,26,2,8,20240615,20240615
1522,97.41,8.5,117,5,18,1,3,20250121,20250121
1523,51.7,17.3,38,69,41,6,8,20241202,20241202
1524,74.5,11.3,111,54,4,1,8,20240706,20240706
1525,10.82,16.5,1,29,35,4,8,20241129,20241129
1526,98.68,19.6,158,45,22,1,8,20250128,20250128
1527,12.28,5.8,163,3,49,1,6,20241028,20241028
1528,58.69,7.8,5,44,21,3,9,20250407,20250407
1529,62.17,3.0,198,1,50,2,10,20241217,20241217
1530,95.6,20.5,131,9,28,3,5,20250405,20250405
1531,30.48,8.8,27,53,24,9,5,20240624,20240624
1532,85.89,7.8,23,6,37,8,4,20250413,20250413
1533,8.68,13.2,197,39,37,1,2,20240922,20240922
1534,39.44,8.4,114,51,3,4,8,20241205,20241205
1535,97.71,9.4,9,42,39,7,8,20241115,20241115
1536,45.97,22.2,3,65,47,9,9,20250126,20250126
1537,80.47,12.9,177,6,37,9,1,20240829,20240829
1538,13.79,13.1,170,18,39,9,5,20240929,20240929
1539,89.68,10.5,90,20,32,6,2,20250324,20250324
1540,70.93,18.0,48,16,46,6,4,20240910,20240910
1541,87.1,21.1,31,70,39,9,2,20240622,20240622
1542,49.58,11.9,68,29,35,7,8,20240424,20240424
1543,60.89,17.7,198,25,16,3,3,20250406,20250406
1544,51.63,17.1,69,20,32,5,1,20250114,20250114
1545,8.13,24.4,24,17,27,5,10,20250206,20250206
1546,8.47,3.4,152,3,49,2,6,20241204,20241204
1547,50.69,20.1,10,44,21,3,2,20250303,20250303
1548,97.1,21.5,70,59,5,7,4,20250122,20250122
1549,22.31,12.2,145,21,5,3,7,20250203,20250203
1550,17.29,12.3,33,14,37,5,3,20240726,20240726
1551,92.48,20.1,130,19,27,1,8,20240815,20240815
1552,20.24,16.6,87,26,45,10,4,20250106,20250106
1553,52.45,17.2,145,4,30,4,6,20250228,20250228
1554,43.13,15.0,97,11,33,4,5,20240708,20240708
1555,11.53,16.7,166,48,36,6,4,20240717,20240717
1556,67.8,12.5,181,43,50,6,3,20240422,20240422
1557,55.9,20.5,78,50,5,9,6,20240612,20240612
1558,39.65,19.5,200,24,4,4,5,20240721,20240721
1559,29.65,21.8,69,57,26,3,8,20250326,20250326
1560,23.27,18.2,199,70,39,5,5,20240817,20240817
1561,80.36,8.5,16,10,43,4,6,20250102,20250102
1562,81.07,23.1,170,67,3,3,4,20241218,20241218
1563,37.27,10.1,192,67,3,9,8,20241204,20241204
1564,46.25,5.4,161,27,43,5,1,20240521,20240521
1565,12.81,14.8,174,35,35,9,1,20241208,20241208
1566,81.02,3.3,110,33,39,5,2,20240607,20240607
1567,79.05,5.6,183,42,39,8,1,20250406,20250406
1568,26.55,8.6,53,14,37,2,4,20250102,20250102
1569,68.62,3.3,167,16,46,3,1,20240519,20240519
1570,70.03,23.8,58,33,39,1,3,20241128,20241128
1571,14.46,10.1,82,51,3,1,2,20250314,20250314
1572,81.52,17.1,56,58,46,7,9,20240427,20240427
1573,83.57,22.2,158,56,5,9,3,20240504,20240504
1574,96.52,5.5,71,70,39,10,10,20250406,20250406
1575,9.56,12.7,54,2,47,5,3,20240619,20240619
1576,6.06,17.6,29,64,38,10,8,20240805,20240805
1577,13.53,21.2,8,24,4,5,1,20250320,20250320
1578,18.59,4.3,162,11,33,9,10,20250119,20250119
1579,48.28,21.6,34,13,15,8,10,20241212,20241212
1580,47.67,20.8,67,62,15,7,2,20240822,20240822
1581,33.68,6.5,95,29,35,10,7,20240702,20240702
1582,74.77,11.0,110,58,46,8,5,20250127,20250127
1583,76.08,10.7,20,27,43,3,4,20250214,20250214
1584,76.69,9.9,181,53,24,9,3,20241106,20241106
1585,47.12,15.7,163,68,7,8,2,20240720,20240720
1586,50.7,22.6,66,46,40,8,10,20240706,20240706
1587,51.2,3.6,171,62,15,6,8,20250110,20250110
1588,62.53,18.0,116,20,32,6,6,20240423,20240423
1589,95.63,13.2,10,42,39,9,4,20240708,20240708
1590,89.76,21.5,150,6,37,3,3,20240525,20240525
1591,8.36,7.0,56,45,22,1,3,20241013,20241013
1592,41.39,10.6,81,16,46,3,3,20241018,20241018
1593,72.64,13.3,127,47,21,1,5,20240429,20240429
1594,35.07,21.3,29,6,37,4,1,20241015,20241015
1595,29.07,12.0,26,57,26,10,1,20241105,20241105
1596,96.57,4.4,1,50,5,7,1,20250411,20250411
1597,84.06,3.9,123,30,25,7,2,20241106,20241106
1598,61.09,22.9,65,14,37,10,4,20240430,20240430
1599,92.22,12.4,122,4,30,8,2,20240721,20240721
1600,76.16,16.9,115,26,45,1,8,20241219,20241219
1601,36.27,8.4,92,35,35,8,6,20240529,20240529
1602,47.68,12.5,116,13,15,1,1,20241109,20241109
1603,59.28,2.7,187,46,40,10,3,20240811,20240811
1604,6.73,8.1,88,58,46,9,4,20250102,20250102
1605,24.25,13.6,58,35,35,1,10,20241111,20241111
1606,74.45,11.7,181,47,21,5,9,20241205,20241205
1607,83.03,5.2,25,56,5,4,7,20250109,20250109
1608,74.07,24.6,73,44,21,6,1,20240430,20240430
1609,27.76,11.8,27,57,26,4,3,20240424,20240424
1610,68.9,20.0,186,35,35,9,1,20250414,20250414
1611,32.17,5.5,85,51,3,3,10,20240519,20240519
1612,85.12,17.8,139,65,47,6,8,20241102,20241103
1613,27.73,8.5,45,1,50,5,7,20240724,20240724
1614,15.73,23.7,176,1,50,6,4,20241220,20241220
1615,7.0,18.7,146,19,27,6,6,20241026,20241026
1616,91.03,14.3,182,58,46,3,1,20240909,20240909
1617,41.04,20.7,57,63,11,6,2,20241005,20241005
1618,66.9,12.6,178,37,43,7,9,20240921,20240921
1619,83.86,21.7,60,46,40,8,10,20240506,20240506
1620,61.95,7.1,186,43,50,10,9,20240501,20240501
1621,30.66,20.3,134,34,27,6,10,20250319,20250319
1622,8.65,4.7,58,3,49,7,2,20241107,20241107
1623,7.0,10.8,84,31,50,1,10,20250103,20250104
1624,64.6,17.8,199,47,21,5,7,20240912,20240912
1625,28.08,5.9,12,25,16,4,9,20241211,20241211
1626,46.87,2.5,67,70,39,4,2,20250305,20250305
1627,32.52,3.5,13,21,5,3,6,20241117,20241117
1628,80.52,6.5,35,14,37,1,10,20240823,20240823
1629,71.75,23.5,97,17,27,8,9,20240619,20240619
1630,63.58,12.2,146,31,50,3,9,20250107,20250107
1631,89.25,8.4,72,55,14,7,7,20241027,20241027
1632,77.62,9.5,122,68,7,4,6,20241205,20241205
1633,37.84,23.6,91,59,5,10,2,20250308,20250308
1634,54.08,6.6,110,57,26,8,7,20240506,20240506
1635,81.83,4.5,94,68,7,6,5,20250306,20250306
1636,27.69,24.0,33,28,31,8,7,20240517,20240517
1637,45.58,22.0,58,8,36,5,3,20240727,20240727
1638,28.64,22.0,193,47,21,4,3,20240517,20240517
1639,87.27,6.2,49,57,26,9,3,20241026,20241026
1640,45.27,16.6,145,59,5,4,4,20250311,20250311
1641,53.92,20.8,58,34,27,2,7,20241222,20241222
1642,49.21,2.7,65,46,40,10,3,20241209,20241209
1643,18.81,23.4,124,11,33,5,4,20240714,20240714
1644,52.04,24.5,33,49,7,7,5,20240816,20240816
1645,8.17,20.8,63,56,5,5,5,20250319,20250319
1646,50.0,13.2,125,66,48,5,7,20250325,20250325
1647,12.93,11.1,189,24,4,9,3,20240917,20240917
1648,61.65,23.4,54,54,4,7,5,20241225,20241225
1649,41.27,13.2,35,20,32,8,6,20240529,20240529
1650,16.18,13.7,132,53,24,6,8,20240426,20240426
1651,49.28,9.6,53,9,28,10,6,20240705,20240705
1652,12.01,17.0,109,43,50,9,7,20240626,20240626
1653,65.02,7.0,69,25,16,10,8,20241017,20241017
1654,37.65,15.7,77,35,35,4,6,20250327,20250327
1655,19.99,12.8,7,33,39,6,3,20240918,20240918
1656,23.65,21.9,135,12,4,9,10,20241019,20241019
1657,23.17,2.9,40,60,31,1,7,20241030,20241030
1658,28.8,11.4,54,36,12,7,8,20240619,20240619
1659,30.14,21.8,76,25,16,10,1,20240528,20240528
1660,76.04,6.4,47,31,50,10,3,20241006,20241006
1661,75.28,22.4,118,45,22,4,2,20240518,20240518
1662,26.63,16.7,190,19,27,1,10,20240901,20240901
1663,69.58,13.1,191,6,37,10,10,20250212,20250212
1664,78.06,18.0,113,5,18,1,10,20241129,20241129
1665,55.4,16.9,33,39,37,6,1,20240817,20240817
1666,94.0,20.9,32,36,12,10,9,20241005,20241005
1667,48.73,8.0,36,12,4,8,10,20240820,20240820
1668,67.92,17.3,16,70,39,3,5,20250328,20250328
1669,26.24,11.6,18,68,7,1,10,20241119,20241119
1670,31.16,24.7,53,57,26,6,6,20240921,20240921
1671,87.63,21.9,34,4,30,9,2,20250124,20250124
1672,60.44,13.2,90,27,43,2,4,20240418,20240418
1673,93.21,11.7,21,40,26,4,5,20250324,20250324
1674,58.76,4.2,174,23,48,1,6,20240927,20240927
1675,36.12,11.8,56,41,44,8,10,20241226,20241226
1676,50.57,13.0,82,20,32,4,3,20241229,20241229
1677,23.81,16.0,145,11,33,4,6,20240510,20240510
1678,44.91,24.2,162,3,49,1,2,20241026,20241026
1679,98.38,12.8,63,10,43,2,9,20240923,20240923
1680,45.54,14.2,121,1,50,2,7,20240913,20240913
1681,91.03,22.7,82,63,11,2,10,20241129,20241129
1682,72.73,15.4,1,42,39,9,9,20240704,20240704
1683,26.8,23.5,36,36,12,4,3,20240808,20240808
1684,37.35,22.5,181,45,22,6,2,20240927,20240927
1685,77.12,9.9,50,16,46,9,6,20240723,20240723
1686,10.87,19.4,96,5,18,7,5,20250106,20250106
1687,94.09,8.2,95,54,4,5,3,20241006,20241006
1688,75.93,23.6,175,68,7,4,2,20240921,20240921
1689,42.19,11.3,107,65,47,3,1,20250120,20250120
1690,62.72,3.8,159,61,14,5,8,20250411,20250411
1691,43.61,21.7,186,60,31,3,4,20240917,20240917
1692,39.85,21.6,39,39,37,9,2,20240917,20240917
1693,68.91,23.6,198,44,21,6,10,20240630,20240630
1694,91.48,13.7,175,35,35,6,3,20241106,20241106
1695,30.16,19.4,118,69,41,8,8,20240420,20240420
1696,52.74,5.3,193,11,33,3,5,20240717,20240717
1697,70.44,15.4,28,47,21,5,5,20240714,20240715
1698,13.19,12.4,18,38,42,3,1,20240612,20240612
1699,58.55,19.7,99,32,14,2,7,20240829,20240829
1700,61.78,10.2,171,7,18,9,9,20240605,20240605
1701,34.66,13.2,88,2,47,7,2,20240715,20240715
1702,46.15,9.5,97,65,47,5,3,20240610,20240610
1703,83.26,18.2,60,18,39,2,4,20240822,20240822
1704,6.5,7.1,30,48,36,9,6,20240613,20240613
1705,25.29,13.8,7,23,48,8,8,20240723,20240723
1706,73.01,8.9,43,56,5,8,6,20240926,20240926
1707,72.98,17.3,56,10,43,8,10,20240417,20240417
1708,42.31,10.4,198,60,31,8,10,20240908,20240908
1709,80.4,21.2,27,26,45,1,9,20241104,20241104
1710,77.13,19.7,183,7,18,6,10,20240926,20240926
1711,10.16,15.8,80,65,47,10,9,20250124,20250124
1712,87.38,17.9,170,19,27,5,6,20250306,20250306
1713,21.64,6.9,183,44,21,9,7,20250321,20250321
1714,98.3,3.1,93,22,20,10,6,20240608,20240608
1715,80.18,19.8,12,17,27,9,6,20241003,20241003
1716,89.39,22.5,68,68,7,8,1,20240528,20240528
1717,60.42,15.4,95,17,27,4,10,20250224,20250224
1718,87.22,10.1,69,19,27,4,9,20250406,20250406
1719,71.86,5.2,109,7,18,2,10,20240604,20240604
1720,66.9,8.3,153,64,38,10,7,20241101,20241101
1721,13.58,5.5,132,19,27,2,2,20241021,20241021
1722,90.94,23.4,37,26,45,3,9,20240724,20240724
1723,89.98,18.6,78,39,37,5,3,20240827,20240827
1724,16.58,7.3,164,26,45,5,2,20250303,20250303
1725,55.3,11.6,122,51,3,7,7,20241029,20241029
1726,30.73,3.8,83,60,31,10,7,20241118,20241118
1727,57.24,11.8,182,46,40,9,8,20241116,20241116
1728,76.74,22.5,103,54,4,9,2,20241018,20241018
1729,27.72,9.1,148,17,27,7,6,20240708,20240708
1730,70.73,11.5,90,31,50,6,3,20240627,20240627
1731,41.3,13.0,92,29,35,8,1,20250223,20250223
1732,92.28,17.2,26,21,5,8,6,20240501,20240501
1733,66.55,17.3,63,54,4,4,10,20241007,20241007
1734,67.31,14.9,4,6,37,3,9,20241212,20241212
1735,55.87,24.3,9,22,20,9,8,20250409,20250409
1736,93.04,11.5,171,45,22,4,5,20240710,20240710
1737,27.66,19.9,67,8,36,6,5,20240510,20240510
1738,56.77,22.3,126,67,3,5,7,20250410,20250410
1739,62.16,6.8,145,28,31,1,10,20240614,20240615
1740,14.86,8.0,143,33,39,9,4,20240628,20240628
1741,22.62,19.7,5,25,16,5,8,20240709,20240709
1742,82.43,18.0,23,55,14,4,3,20240915,20240915
1743,79.6,10.5,76,23,48,10,6,20250108,20250108
1744,97.78,7.4,95,50,5,9,8,20250309,20250309
1745,17.32,4.8,68,53,24,10,9,20250223,20250224
1746,23.45,14.4,29,11,33,9,9,20250407,20250407
1747,93.4,18.4,7,41,44,10,7,20240609,20240609
1748,78.81,8.4,96,52,18,9,10,20250416,20250416
1749,93.44,6.5,1,43,50,9,1,20241214,20241214
1750,85.75,6.9,17,15,26,2,4,20240609,20240609
1751,54.22,21.3,169,44,21,4,1,20250112,20250113
1752,88.38,8.5,99,4,30,1,4,20240922,20240922
1753,64.12,19.8,158,65,47,1,8,20240706,20240706
1754,33.33,24.7,119,14,37,3,3,20250110,20250110
1755,56.64,2.4,44,38,42,7,7,20250322,20250322
1756,32.78,24.2,117,38,42,4,6,20241226,20241226
1757,58.71,8.4,124,16,46,9,2,20241007,20241007
1758,32.81,11.5,103,14,37,4,1,20250218,20250218
1759,79.1,7.6,191,35,35,1,5,20240517,20240517
1760,49.7,8.8,190,3,49,6,4,20240723,20240723
1761,88.54,23.9,173,22,20,5,2,20241017,20241017
1762,47.13,13.4,86,24,4,6,7,20240909,20240909
1763,37.41,19.3,50,24,4,3,7,20250102,20250102
1764,13.54,15.5,184,59,5,1,8,20250411,20250411
1765,35.52,23.8,123,51,3,1,8,20250111,20250111
1766,82.88,22.8,138,6,37,5,8,20241216,20241216
1767,42.21,23.8,49,53,24,2,1,20241228,20241228
1768,26.24,15.7,101,20,32,3,5,20240902,20240902
1769,31.12,13.5,146,8,36,10,5,20240930,20240930
1770,76.76,9.4,167,10,43,6,8,20240921,20240921
1771,23.87,15.0,67,17,27,8,9,20250323,20250323
1772,29.44,9.1,4,21,5,2,1,20250210,20250210
1773,71.67,8.0,129,59,5,8,9,20241222,20241222
1774,94.29,12.3,169,43,50,6,7,20250325,20250325
1775,49.55,15.3,57,53,24,1,7,20240503,20240503
1776,28.73,6.7,56,66,48,10,10,20240425,20240425
1777,7.94,18.8,152,61,14,2,4,20250121,20250121
1778,78.43,14.2,81,34,27,2,5,20241031,20241031
1779,37.15,9.3,107,46,40,9,8,20240417,20240417
1780,59.93,24.5,126,21,5,1,7,20241105,20241105
1781,91.24,7.1,14,52,18,3,4,20250113,20250113
1782,85.5,8.3,27,19,27,10,9,20240512,20240512
1783,49.55,23.8,156,47,21,4,9,20240902,20240902
1784,59.15,3.3,173,65,47,3,9,20241215,20241215
1785,64.45,19.5,133,67,3,8,9,20241107,20241107
1786,31.11,20.0,88,42,39,6,8,20250122,20250122
1787,56.01,18.2,6,2,47,2,3,20240603,20240603
1788,75.82,2.4,130,11,33,6,3,20241109,20241109
1789,18.76,5.0,64,10,43,1,5,20250214,20250214
1790,72.81,6.0,170,24,4,2,4,20240813,20240813
1791,98.85,7.6,133,2,47,2,10,20250123,20250123
1792,73.0,13.2,125,44,21,9,5,20240824,20240824
1793,98.05,19.0,75,29,35,10,3,20250410,20250410
1794,25.75,20.8,152,68,7,3,1,20240805,20240805
1795,16.67,9.7,33,69,41,7,3,20240621,20240621
1796,79.16,24.8,153,61,14,4,3,20250406,20250406
1797,55.66,8.9,37,3,49,2,2,20240720,20240720
1798,76.45,3.9,67,21,5,5,4,20240824,20240824
1799,89.38,6.8,135,69,41,9,5,20240526,20240526
1800,81.84,19.4,134,61,14,2,4,20240428,20240428
1801,19.64,19.6,145,33,39,6,8,20240519,20240519
1802,18.67,12.5,38,54,4,3,9,20250216,20250216
1803,76.7,16.7,17,46,40,10,3,20240521,20240521
1804,36.54,11.1,65,37,43,2,9,20250322,20250322
1805,90.07,19.3,191,46,40,2,2,20250113,20250113
1806,64.93,7.0,174,67,3,1,9,20240509,20240509
1807,50.79,13.8,68,61,14,7,6,20250120,20250120
1808,84.02,18.2,65,47,21,8,9,20250125,20250125
1809,52.1,6.2,50,20,32,9,5,20241002,20241002
1810,18.25,5.3,114,31,50,2,9,20240601,20240601
1811,20.37,22.7,42,25,16,7,9,20240828,20240828
1812,79.02,23.0,134,41,44,7,8,20250101,20250101
1813,30.76,6.9,160,34,27,6,4,20250310,20250310
1814,68.76,3.9,166,8,36,3,6,20250209,20250209
1815,65.53,5.1,17,64,38,1,2,20241014,20241014
1816,19.03,18.5,3,36,12,3,6,20250202,20250202
1817,64.13,9.5,114,32,14,7,7,20240430,20240430
1818,43.45,4.6,1,43,50,3,10,20240829,20240829
1819,95.81,14.5,74,13,15,9,8,20241229,20241229
1820,81.96,24.5,68,20,32,8,7,20241215,20241215
1821,56.94,4.8,188,22,20,2,7,20240429,20240429
1822,31.16,13.6,107,10,43,8,3,20240924,20240924
1823,37.2,20.1,113,26,45,10,7,20240804,20240804
1824,79.82,7.1,122,25,16,9,6,20250408,20250408
1825,49.74,2.8,27,11,33,2,5,20240521,20240521
1826,14.67,18.3,69,69,41,9,4,20240712,20240712
1827,5.9,7.2,96,10,43,2,2,20240510,20240510
1828,75.15,25.0,98,37,43,7,10,20240627,20240627
1829,96.84,8.8,51,27,43,8,10,20240710,20240710
1830,51.75,23.0,70,3,49,5,9,20241011,20241011
1831,66.56,21.4,50,10,43,7,8,20240810,20240810
1832,58.05,10.7,85,46,40,4,6,20250314,20250314
1833,54.47,3.1,35,68,7,4,9,20250411,20250411
1834,36.57,20.4,35,68,7,9,5,20241018,20241018
1835,49.39,15.7,74,51,3,1,1,20240912,20240912
1836,85.6,22.3,89,30,25,4,9,20240921,20240921
1837,56.66,13.1,88,18,39,10,5,20241211,20241211
1838,44.69,5.2,109,12,4,1,3,20241215,20241215
1839,95.63,24.6,73,53,24,1,1,20250129,20250129
1840,76.2,22.0,167,64,38,8,10,20250218,20250218
1841,12.97,21.5,199,55,14,1,6,20240801,20240801
1842,70.13,12.3,182,26,45,8,3,20240503,20240503
1843,8.18,4.5,95,62,15,6,10,20240826,20240826
1844,44.64,22.3,27,59,5,5,4,20250217,20250217
1845,14.16,19.2,134,54,4,8,5,20241013,20241013
1846,68.47,20.4,85,30,25,2,8,20240829,20240829
1847,40.72,20.6,144,2,47,10,2,20240707,20240707
1848,94.94,20.8,120,14,37,9,2,20240425,20240425
1849,62.32,16.5,62,16,46,9,2,20250320,20250320
1850,99.92,9.0,28,60,31,7,10,20240514,20240514
1851,38.85,3.6,194,45,22,3,9,20240828,20240828
1852,67.12,23.3,72,65,47,8,9,20241018,20241018
1853,54.55,8.0,66,57,26,7,7,20240714,20240714
1854,16.39,9.6,23,61,14,6,9,20241115,20241115
1855,61.43,3.3,21,22,20,4,6,20240609,20240609
1856,57.62,7.9,143,49,7,5,4,20240723,20240723
1857,31.73,20.8,164,49,7,10,7,20240523,20240523
1858,42.94,18.9,56,24,4,1,2,20250203,20250203
1859,70.76,16.6,40,1,50,1,4,20240919,20240919
1860,32.49,4.9,13,55,14,2,1,20240425,20240425
1861,39.17,21.4,127,62,15,8,10,20250314,20250314
1862,94.48,24.8,186,16,46,3,3,20240807,20240807
1863,16.7,19.1,8,8,36,4,8,20250328,20250328
1864,74.51,3.0,184,20,32,6,1,20240508,20240508
1865,30.17,13.4,105,25,16,3,9,20241107,20241107
1866,46.87,19.8,42,66,48,7,1,20240910,20240910
1867,35.41,11.4,104,59,5,4,8,20240514,20240514
1868,13.66,6.7,166,49,7,1,2,20240811,20240812
1869,97.56,16.4,166,6,37,5,3,20241120,20241120
1870,52.01,16.1,159,66,48,2,8,20250218,20250218
1871,56.57,13.0,140,41,44,4,7,20240806,20240806
1872,23.65,19.3,109,40,26,5,4,20240501,20240501
1873,69.09,21.2,176,12,4,3,8,20240831,20240831
1874,58.12,11.1,113,45,22,10,7,20250121,20250121
1875,9.44,5.5,111,11,33,4,9,20250316,20250316
1876,79.86,13.7,27,14,37,6,6,20241124,20241124
1877,96.26,3.0,37,31,50,9,1,20250117,20250117
1878,90.21,21.3,8,11,33,2,8,20241227,20241227
1879,31.61,15.3,191,6,37,5,7,20250330,20250330
1880,75.26,4.7,189,44,21,3,4,20250107,20250107
1881,64.94,6.9,102,55,14,7,10,20240623,20240623
1882,48.94,16.0,88,42,39,2,8,20250211,20250211
1883,30.69,8.4,120,10,43,4,10,20241208,20241208
1884,65.67,16.7,15,24,4,1,10,20240804,20240804
1885,21.87,21.4,87,26,45,5,9,20240623,20240623
1886,41.69,5.1,186,18,39,1,8,20240630,20240630
1887,9.5,3.6,57,6,37,2,6,20240913,20240913
1888,27.83,4.6,126,62,15,3,8,20240919,20240919
1889,45.34,7.2,143,43,50,8,3,20240723,20240723
1890,17.62,20.2,64,7,18,6,3,20241023,20241023
1891,62.2,6.0,182,45,22,4,1,20250106,20250106
1892,19.85,24.3,154,26,45,2,5,20240828,20240828
1893,22.8,16.2,157,62,15,10,6,20241111,20241111
1894,29.87,19.5,117,44,21,5,2,20240422,20240422
1895,49.04,14.8,48,49,7,10,8,20240901,20240901
1896,53.61,9.3,110,61,14,8,4,20240504,20240504
1897,30.12,18.6,138,54,4,2,1,20240913,20240913
1898,53.7,19.6,121,27,43,2,6,20240605,20240605
1899,31.07,10.4,164,11,33,7,7,20250119,20250119
1900,72.54,5.5,195,30,25,3,2,20240818,20240818
1901,75.51,22.6,200,15,26,9,6,20241106,20241106
1902,7.23,6.0,18,55,14,7,5,20241005,20241005
1903,50.89,21.3,30,53,24,1,10,20241222,20241222
1904,82.38,5.9,10,58,46,9,8,20240624,20240624
1905,19.01,2.6,167,55,14,6,8,20240707,20240707
1906,39.11,24.8,20,16,46,7,9,20241108,20241108
1907,29.41,12.1,173,43,50,8,6,20240730,20240730
1908,60.6,2.8,124,6,37,8,5,20240727,20240727
1909,42.31,15.3,74,28,31,6,6,20250127,20250127
1910,24.61,16.5,68,49,7,4,4,20240910,20240910
1911,29.76,13.6,168,33,39,5,8,20240930,20240930
1912,82.67,6.1,183,22,20,1,5,20250328,20250328
1913,37.45,6.9,92,70,39,6,1,20240527,20240527
1914,70.48,9.3,106,20,32,8,5,20240714,20240714
1915,72.16,9.0,49,8,36,10,9,20240422,20240422
1916,51.93,2.9,147,62,15,3,2,20240808,20240808
1917,20.83,24.0,170,66,48,9,10,20241030,20241030
1918,35.23,2.0,27,23,48,8,3,20241016,20241016
1919,83.36,2.4,78,34,27,1,5,20240610,20240610
1920,26.67,11.0,93,29,35,8,1,20240815,20240815
1921,91.51,6.9,190,8,36,9,6,20240617,20240617
1922,32.28,22.5,63,44,21,6,2,20240513,20240513
1923,70.64,10.4,2,33,39,10,6,20250113,20250113
1924,80.53,7.8,156,25,16,1,2,20250327,20250327
1925,62.69,17.1,140,37,43,10,7,20250127,20250127
1926,95.47,24.0,89,48,36,9,10,20240920,20240920
1927,65.37,14.5,128,37,43,7,3,20240808,20240808
1928,25.51,18.3,89,45,22,4,3,20240531,20240531
1929,36.35,21.6,199,32,14,7,1,20240705,20240705
1930,76.85,21.7,122,20,32,7,7,20240711,20240711
1931,95.3,5.6,97,68,7,3,1,20250206,20250206
1932,53.82,13.7,183,46,40,10,7,20241218,20241218
1933,31.61,19.3,103,37,43,8,9,20240613,20240613
1934,95.35,5.7,163,17,27,9,9,20240717,20240717
1935,41.17,5.7,115,8,36,2,9,20241011,20241011
1936,8.75,17.9,107,10,43,10,9,20240911,20240911
1937,87.71,22.4,147,17,27,7,10,20241125,20241125
1938,78.83,23.7,179,35,35,4,4,20250410,20250410
1939,40.64,22.0,168,11,33,8,9,20240721,20240721
1940,63.19,6.8,98,36,12,3,5,20241116,20241116
1941,89.24,10.3,115,17,27,7,6,20240417,20240417
1942,9.11,20.1,66,3,49,1,4,20241221,20241221
1943,82.75,13.5,55,18,39,7,4,20240621,20240621
1944,65.7,17.8,142,54,4,7,10,20250228,20250228
1945,99.38,16.3,85,8,36,8,10,20240714,20240714
1946,31.33,13.6,110,5,18,3,5,20240623,20240623
1947,6.12,12.5,43,1,50,10,3,20250208,20250208
1948,68.54,22.5,165,40,26,1,1,20250105,20250105
1949,78.77,2.3,152,46,40,1,4,20241205,20241205
1950,86.13,10.2,163,48,36,1,1,20240625,20240625
1951,15.5,23.5,46,4,30,2,8,20241001,20241001
1952,32.75,8.6,54,45,22,1,2,20240609,20240609
1953,15.59,3.1,103,58,46,5,8,20250203,20250203
1954,50.44,10.5,132,29,35,7,3,20250108,20250108
1955,78.33,24.6,59,14,37,4,9,20241114,20241114
1956,85.91,16.4,121,66,48,6,8,20240520,20240520
1957,60.71,22.4,5,59,5,2,4,20240506,20240506
1958,18.23,19.7,97,27,43,2,1,20241223,20241223
1959,97.11,3.7,132,51,3,4,4,20240519,20240519
1960,85.35,2.9,112,47,21,1,10,20250221,20250221
1961,49.09,6.4,79,26,45,8,5,20241027,20241027
1962,54.35,11.6,158,1,50,10,3,20250412,20250412
1963,35.17,19.5,153,28,31,4,8,20240510,20240510
1964,98.14,21.8,157,59,5,6,3,20241207,20241207
1965,79.9,4.5,143,10,43,1,4,20241210,20241210
1966,74.3,11.2,170,19,27,2,9,20241113,20241113
1967,66.96,11.3,23,35,35,5,7,20240510,20240510
1968,10.81,12.9,57,54,4,1,8,20241206,20241206
1969,85.24,14.0,142,5,18,1,6,20250104,20250104
1970,98.23,18.2,126,1,50,3,8,20240526,20240526
1971,15.09,9.1,159,29,35,10,10,20250219,20250219
1972,43.31,4.8,179,57,26,5,1,20250102,20250102
1973,97.29,22.7,148,35,35,5,5,20241217,20241217
1974,99.09,2.9,174,27,43,5,7,20250321,20250322
1975,92.72,19.5,70,70,39,5,2,20240830,20240830
1976,6.06,8.9,95,1,50,2,7,20241227,20241227
1977,60.05,10.2,54,16,46,6,1,20241125,20241125
1978,32.01,17.3,125,41,44,7,4,20240619,20240620
1979,53.57,3.2,108,28,31,6,9,20240514,20240514
1980,59.64,15.1,126,9,28,10,3,20250223,20250223
1981,86.47,22.9,97,9,28,1,4,20250104,20250104
1982,82.33,2.8,2,54,4,2,8,20250201,20250201
1983,48.67,17.7,175,7,18,9,3,20240526,20240526
1984,33.74,13.6,46,48,36,10,9,20240813,20240813
1985,92.73,11.9,162,35,35,4,6,20241126,20241126
1986,25.25,6.7,168,65,47,6,8,20241003,20241003
1987,94.57,12.2,100,60,31,10,6,20240724,20240724
1988,57.42,11.2,71,8,36,5,9,20240824,20240824
1989,13.07,21.2,46,52,18,10,8,20250331,20250331
1990,69.67,18.4,64,1,50,2,5,20241227,20241227
1991,59.89,22.2,85,31,50,2,3,20250219,20250219
1992,62.87,12.2,100,49,7,7,8,20241018,20241018
1993,61.53,8.9,175,61,14,6,1,20241109,20241109
1994,85.74,4.7,116,16,46,9,5,20241226,20241227
1995,88.67,3.9,162,40,26,5,8,20250126,20250126
1996,32.84,5.0,120,2,47,8,4,20240917,20240917
1997,5.29,6.7,1,9,28,2,10,20240427,20240427
1998,78.55,10.5,195,70,39,4,10,20241019,20241019
1999,18.65,20.0,80,48,36,3,7,20250405,20250405
2000,17.57,8.8,162,61,14,8,2,20240601,20240601
